-- MPHM Default Seed Data
-- Database: Cloudflare D1 / SQLite

-- 1. Insert System Roles
INSERT OR IGNORE INTO roles (id, name, display_name, description, is_system) VALUES
('super_admin', 'super_admin', 'Super Admin', 'Akses penuh terhadap seluruh sistem.', 1),
('admin', 'admin', 'Admin', 'Mengelola seluruh aktivitas akademik.', 1),
('operator', 'operator', 'Operator', 'Membantu proses administrasi akademik.', 1),
('mustahiq', 'mustahiq', 'Mustahiq / Wali Kelas', 'Mustahiq pengampu satu kelas.', 1),
('mudir', 'mudir', 'Mudir / Kepala Madrasah', 'Monitoring progress akademik.', 1);

-- 2. Insert Default Super Admin User (Password: password123)
INSERT OR IGNORE INTO users (id, institution_id, name, email, password_hash, role, role_id, status) VALUES
('579fd35e-3333-438c-a7ac-9cdbba54c6fc', 'default', 'Super Admin MPHM', 'admin@mphm.com', '$pbkdf2$SHA-256$10000$32f18f4f04f094a7992ed6535903bea3$1ed6de21a4f3a9200d8651c0a43271734a52a9fedf714b5088c229cb0767dfae', 'super_admin', 'super_admin', 'active');

-- 3. Define Standard Permissions
INSERT OR IGNORE INTO permissions (id, name, module, action, description) VALUES ('941019b8-f763-478d-baec-42cda8bc62ba', 'auth:view', 'auth', 'view', 'Permission to view in auth module.');
INSERT OR IGNORE INTO permissions (id, name, module, action, description) VALUES ('9cac1747-4cd5-4e33-a658-221aea92cfd5', 'auth:create', 'auth', 'create', 'Permission to create in auth module.');
INSERT OR IGNORE INTO permissions (id, name, module, action, description) VALUES ('625411d0-fe71-4fb1-9b56-0e61c8d74e3e', 'auth:update', 'auth', 'update', 'Permission to update in auth module.');
INSERT OR IGNORE INTO permissions (id, name, module, action, description) VALUES ('794e5cdd-b8f3-43f9-abcc-bf739acc3351', 'auth:delete', 'auth', 'delete', 'Permission to delete in auth module.');
INSERT OR IGNORE INTO permissions (id, name, module, action, description) VALUES ('f95a1427-4f49-4863-be48-8428cfebb2d7', 'auth:restore', 'auth', 'restore', 'Permission to restore in auth module.');
INSERT OR IGNORE INTO permissions (id, name, module, action, description) VALUES ('3a2e649a-bea2-4008-85e9-f1f769bf9d4d', 'auth:import', 'auth', 'import', 'Permission to import in auth module.');
INSERT OR IGNORE INTO permissions (id, name, module, action, description) VALUES ('a79d49b5-adae-440a-ab7d-c366ec54882a', 'auth:export', 'auth', 'export', 'Permission to export in auth module.');
INSERT OR IGNORE INTO permissions (id, name, module, action, description) VALUES ('2b2d9662-1a20-4c78-955b-ab0113d3754b', 'auth:finalize', 'auth', 'finalize', 'Permission to finalize in auth module.');
INSERT OR IGNORE INTO permissions (id, name, module, action, description) VALUES ('689d80f3-2c5e-4f4f-8e3c-7e57d482b508', 'auth:unlock', 'auth', 'unlock', 'Permission to unlock in auth module.');
INSERT OR IGNORE INTO permissions (id, name, module, action, description) VALUES ('7811a809-fbe5-42c0-831d-416edc15cd2b', 'auth:clone', 'auth', 'clone', 'Permission to clone in auth module.');
INSERT OR IGNORE INTO permissions (id, name, module, action, description) VALUES ('3b123739-7b1d-4961-b125-7435e102c8d1', 'academic_year:view', 'academic_year', 'view', 'Permission to view in academic_year module.');
INSERT OR IGNORE INTO permissions (id, name, module, action, description) VALUES ('242dfce3-21fb-4b54-a640-7d8a6afbf482', 'academic_year:create', 'academic_year', 'create', 'Permission to create in academic_year module.');
INSERT OR IGNORE INTO permissions (id, name, module, action, description) VALUES ('f02d8429-13d2-4d6d-9390-9ec9fd3ce0dc', 'academic_year:update', 'academic_year', 'update', 'Permission to update in academic_year module.');
INSERT OR IGNORE INTO permissions (id, name, module, action, description) VALUES ('098e3a7a-f62b-4d4f-85dc-555d5e3233a0', 'academic_year:delete', 'academic_year', 'delete', 'Permission to delete in academic_year module.');
INSERT OR IGNORE INTO permissions (id, name, module, action, description) VALUES ('2b95b74a-9a58-42db-95f7-a7a94d46af6b', 'academic_year:restore', 'academic_year', 'restore', 'Permission to restore in academic_year module.');
INSERT OR IGNORE INTO permissions (id, name, module, action, description) VALUES ('59711825-6ada-4527-807d-f27a449d2738', 'academic_year:import', 'academic_year', 'import', 'Permission to import in academic_year module.');
INSERT OR IGNORE INTO permissions (id, name, module, action, description) VALUES ('602d44b6-1abc-4a86-a0f7-6bc9fe4d954a', 'academic_year:export', 'academic_year', 'export', 'Permission to export in academic_year module.');
INSERT OR IGNORE INTO permissions (id, name, module, action, description) VALUES ('64a5cf73-70ca-4f66-962b-3c2849f1bd52', 'academic_year:finalize', 'academic_year', 'finalize', 'Permission to finalize in academic_year module.');
INSERT OR IGNORE INTO permissions (id, name, module, action, description) VALUES ('d681d0af-c174-43fe-a208-1854e1803fd9', 'academic_year:unlock', 'academic_year', 'unlock', 'Permission to unlock in academic_year module.');
INSERT OR IGNORE INTO permissions (id, name, module, action, description) VALUES ('b59449b9-3ed1-4884-a68b-0e4c45ae4fd1', 'academic_year:clone', 'academic_year', 'clone', 'Permission to clone in academic_year module.');
INSERT OR IGNORE INTO permissions (id, name, module, action, description) VALUES ('82f09e02-6e04-4683-9e4c-53c9e2ae2efc', 'semester:view', 'semester', 'view', 'Permission to view in semester module.');
INSERT OR IGNORE INTO permissions (id, name, module, action, description) VALUES ('e30234d6-7083-493d-9431-81df4adc84d5', 'semester:create', 'semester', 'create', 'Permission to create in semester module.');
INSERT OR IGNORE INTO permissions (id, name, module, action, description) VALUES ('f6fbe8ec-f1e8-4ca5-8000-8ffefcb4a698', 'semester:update', 'semester', 'update', 'Permission to update in semester module.');
INSERT OR IGNORE INTO permissions (id, name, module, action, description) VALUES ('3ac0b04c-1735-49c8-932a-cda98b21a5d2', 'semester:delete', 'semester', 'delete', 'Permission to delete in semester module.');
INSERT OR IGNORE INTO permissions (id, name, module, action, description) VALUES ('e3997446-2bf3-4948-80a9-bae9c5be10b4', 'semester:restore', 'semester', 'restore', 'Permission to restore in semester module.');
INSERT OR IGNORE INTO permissions (id, name, module, action, description) VALUES ('9bb7fbf2-7bfe-40ba-be1c-aceb799c5fa8', 'semester:import', 'semester', 'import', 'Permission to import in semester module.');
INSERT OR IGNORE INTO permissions (id, name, module, action, description) VALUES ('1821b772-3bfb-43c8-a0f9-266d17cb0120', 'semester:export', 'semester', 'export', 'Permission to export in semester module.');
INSERT OR IGNORE INTO permissions (id, name, module, action, description) VALUES ('644af667-4d96-46e1-9021-c241c65b0271', 'semester:finalize', 'semester', 'finalize', 'Permission to finalize in semester module.');
INSERT OR IGNORE INTO permissions (id, name, module, action, description) VALUES ('db369003-252c-4eb0-b25d-a34814cf7ea1', 'semester:unlock', 'semester', 'unlock', 'Permission to unlock in semester module.');
INSERT OR IGNORE INTO permissions (id, name, module, action, description) VALUES ('555c40b4-69d9-45c1-acd3-7c9df97d4e76', 'semester:clone', 'semester', 'clone', 'Permission to clone in semester module.');
INSERT OR IGNORE INTO permissions (id, name, module, action, description) VALUES ('3ca4a3ec-34d1-4158-9a6b-fee9293466cf', 'curriculum:view', 'curriculum', 'view', 'Permission to view in curriculum module.');
INSERT OR IGNORE INTO permissions (id, name, module, action, description) VALUES ('ccce3ebb-50f3-4acc-9868-c1a56c63efe1', 'curriculum:create', 'curriculum', 'create', 'Permission to create in curriculum module.');
INSERT OR IGNORE INTO permissions (id, name, module, action, description) VALUES ('876277c7-9d34-434d-bc6f-e2ce3f354454', 'curriculum:update', 'curriculum', 'update', 'Permission to update in curriculum module.');
INSERT OR IGNORE INTO permissions (id, name, module, action, description) VALUES ('6902d2ae-62b7-4cb6-9213-c5c405fcc7c0', 'curriculum:delete', 'curriculum', 'delete', 'Permission to delete in curriculum module.');
INSERT OR IGNORE INTO permissions (id, name, module, action, description) VALUES ('279f5ad2-525f-4b7e-bc6e-5065c78c74f6', 'curriculum:restore', 'curriculum', 'restore', 'Permission to restore in curriculum module.');
INSERT OR IGNORE INTO permissions (id, name, module, action, description) VALUES ('a3ec655b-6612-40e5-a28d-89592bfd8203', 'curriculum:import', 'curriculum', 'import', 'Permission to import in curriculum module.');
INSERT OR IGNORE INTO permissions (id, name, module, action, description) VALUES ('7f85ab56-c662-4d28-bd47-66aa66598258', 'curriculum:export', 'curriculum', 'export', 'Permission to export in curriculum module.');
INSERT OR IGNORE INTO permissions (id, name, module, action, description) VALUES ('8ff5397a-3921-4cf0-9e87-938e25a476c4', 'curriculum:finalize', 'curriculum', 'finalize', 'Permission to finalize in curriculum module.');
INSERT OR IGNORE INTO permissions (id, name, module, action, description) VALUES ('b00b45c6-c3eb-4638-a216-89da9bda3c0e', 'curriculum:unlock', 'curriculum', 'unlock', 'Permission to unlock in curriculum module.');
INSERT OR IGNORE INTO permissions (id, name, module, action, description) VALUES ('bee1eb9a-5777-4166-bdea-51abfd6e275d', 'curriculum:clone', 'curriculum', 'clone', 'Permission to clone in curriculum module.');
INSERT OR IGNORE INTO permissions (id, name, module, action, description) VALUES ('9b578c9e-d54d-40a6-a167-9c2077dcfb73', 'subject:view', 'subject', 'view', 'Permission to view in subject module.');
INSERT OR IGNORE INTO permissions (id, name, module, action, description) VALUES ('ce52bf45-ab2b-459f-9f65-fb7726a91666', 'subject:create', 'subject', 'create', 'Permission to create in subject module.');
INSERT OR IGNORE INTO permissions (id, name, module, action, description) VALUES ('2432f740-cf25-4cd2-9c0d-1e99e03f8331', 'subject:update', 'subject', 'update', 'Permission to update in subject module.');
INSERT OR IGNORE INTO permissions (id, name, module, action, description) VALUES ('a3981aff-4dd1-4051-9152-b20ed10ee3ca', 'subject:delete', 'subject', 'delete', 'Permission to delete in subject module.');
INSERT OR IGNORE INTO permissions (id, name, module, action, description) VALUES ('a0dc1c0e-6ba4-450a-9d96-2ff417e31211', 'subject:restore', 'subject', 'restore', 'Permission to restore in subject module.');
INSERT OR IGNORE INTO permissions (id, name, module, action, description) VALUES ('04106e4e-e662-45fe-92e9-e3819faad8a2', 'subject:import', 'subject', 'import', 'Permission to import in subject module.');
INSERT OR IGNORE INTO permissions (id, name, module, action, description) VALUES ('c2caf6b3-6d30-46c1-8bec-0570e911a903', 'subject:export', 'subject', 'export', 'Permission to export in subject module.');
INSERT OR IGNORE INTO permissions (id, name, module, action, description) VALUES ('36688e83-5a3d-4264-a5ac-b42075c4dad9', 'subject:finalize', 'subject', 'finalize', 'Permission to finalize in subject module.');
INSERT OR IGNORE INTO permissions (id, name, module, action, description) VALUES ('fa48c818-f95e-4fca-b4dc-dc685076a543', 'subject:unlock', 'subject', 'unlock', 'Permission to unlock in subject module.');
INSERT OR IGNORE INTO permissions (id, name, module, action, description) VALUES ('a6d26f28-f111-4073-9eab-6f62b041e2be', 'subject:clone', 'subject', 'clone', 'Permission to clone in subject module.');
INSERT OR IGNORE INTO permissions (id, name, module, action, description) VALUES ('65a25828-dc18-4b95-b13f-6de52d92cd87', 'class:view', 'class', 'view', 'Permission to view in class module.');
INSERT OR IGNORE INTO permissions (id, name, module, action, description) VALUES ('fd839d4e-2f52-496d-b167-26c8892f237c', 'class:create', 'class', 'create', 'Permission to create in class module.');
INSERT OR IGNORE INTO permissions (id, name, module, action, description) VALUES ('8248098e-7ba5-4f54-911e-5e3327db6d49', 'class:update', 'class', 'update', 'Permission to update in class module.');
INSERT OR IGNORE INTO permissions (id, name, module, action, description) VALUES ('00c1f54c-3902-4fb3-b00b-aa5cc9dcff5e', 'class:delete', 'class', 'delete', 'Permission to delete in class module.');
INSERT OR IGNORE INTO permissions (id, name, module, action, description) VALUES ('38aee94c-598c-4cab-979e-f5c4e7876dbf', 'class:restore', 'class', 'restore', 'Permission to restore in class module.');
INSERT OR IGNORE INTO permissions (id, name, module, action, description) VALUES ('01d7e6d8-7749-4e66-b3ca-03cc35a4950d', 'class:import', 'class', 'import', 'Permission to import in class module.');
INSERT OR IGNORE INTO permissions (id, name, module, action, description) VALUES ('3295630b-1032-4632-8652-5d74a3eff6c5', 'class:export', 'class', 'export', 'Permission to export in class module.');
INSERT OR IGNORE INTO permissions (id, name, module, action, description) VALUES ('3849c106-5cbe-47f6-9cd6-73e0f5fa287b', 'class:finalize', 'class', 'finalize', 'Permission to finalize in class module.');
INSERT OR IGNORE INTO permissions (id, name, module, action, description) VALUES ('d4ce89af-366b-4104-b3f7-5a1d4d442a2f', 'class:unlock', 'class', 'unlock', 'Permission to unlock in class module.');
INSERT OR IGNORE INTO permissions (id, name, module, action, description) VALUES ('01bd8914-4bd6-4965-af43-2fbc85ca76da', 'class:clone', 'class', 'clone', 'Permission to clone in class module.');
INSERT OR IGNORE INTO permissions (id, name, module, action, description) VALUES ('2d02bcbf-4b58-4100-91fc-edd9846dd4ea', 'student:view', 'student', 'view', 'Permission to view in student module.');
INSERT OR IGNORE INTO permissions (id, name, module, action, description) VALUES ('f5983194-d42f-4ddb-a87a-f100afa01886', 'student:create', 'student', 'create', 'Permission to create in student module.');
INSERT OR IGNORE INTO permissions (id, name, module, action, description) VALUES ('55836a8e-a50e-4d40-9927-b593f58c2425', 'student:update', 'student', 'update', 'Permission to update in student module.');
INSERT OR IGNORE INTO permissions (id, name, module, action, description) VALUES ('d90bbd02-81c5-457b-a092-9bcb868e4acc', 'student:delete', 'student', 'delete', 'Permission to delete in student module.');
INSERT OR IGNORE INTO permissions (id, name, module, action, description) VALUES ('b3eb45a6-8d22-4be9-ad76-9a9e48553017', 'student:restore', 'student', 'restore', 'Permission to restore in student module.');
INSERT OR IGNORE INTO permissions (id, name, module, action, description) VALUES ('c1de5003-26dd-438d-8215-7ec4322c8aeb', 'student:import', 'student', 'import', 'Permission to import in student module.');
INSERT OR IGNORE INTO permissions (id, name, module, action, description) VALUES ('803369c9-d180-4026-951d-8198ff1e8bed', 'student:export', 'student', 'export', 'Permission to export in student module.');
INSERT OR IGNORE INTO permissions (id, name, module, action, description) VALUES ('5cdeedec-bd49-4c45-9706-9ef11d8d5573', 'student:finalize', 'student', 'finalize', 'Permission to finalize in student module.');
INSERT OR IGNORE INTO permissions (id, name, module, action, description) VALUES ('23bff54c-0ae1-4d10-bdd9-7c3e2252e1ab', 'student:unlock', 'student', 'unlock', 'Permission to unlock in student module.');
INSERT OR IGNORE INTO permissions (id, name, module, action, description) VALUES ('375d2819-033a-4068-9c6e-eab1c970445a', 'student:clone', 'student', 'clone', 'Permission to clone in student module.');
INSERT OR IGNORE INTO permissions (id, name, module, action, description) VALUES ('c4d36816-aaf8-4294-86cb-07eaaf295757', 'user:view', 'user', 'view', 'Permission to view in user module.');
INSERT OR IGNORE INTO permissions (id, name, module, action, description) VALUES ('c8786ee3-2b41-457b-8bc7-8d0ebba54688', 'user:create', 'user', 'create', 'Permission to create in user module.');
INSERT OR IGNORE INTO permissions (id, name, module, action, description) VALUES ('45cae71e-b70d-447e-ac60-b44d5a825a2d', 'user:update', 'user', 'update', 'Permission to update in user module.');
INSERT OR IGNORE INTO permissions (id, name, module, action, description) VALUES ('760a2e6f-e3dd-45ee-909f-d9c9074ba226', 'user:delete', 'user', 'delete', 'Permission to delete in user module.');
INSERT OR IGNORE INTO permissions (id, name, module, action, description) VALUES ('bc2fbd7c-32bc-4e73-b292-ba216ec3ce76', 'user:restore', 'user', 'restore', 'Permission to restore in user module.');
INSERT OR IGNORE INTO permissions (id, name, module, action, description) VALUES ('452f7568-0f99-4469-83f6-e878eeb1c4c8', 'user:import', 'user', 'import', 'Permission to import in user module.');
INSERT OR IGNORE INTO permissions (id, name, module, action, description) VALUES ('660a62e5-dd1d-4ba5-a99a-b48cd4206078', 'user:export', 'user', 'export', 'Permission to export in user module.');
INSERT OR IGNORE INTO permissions (id, name, module, action, description) VALUES ('b30692a8-2edf-4171-89c1-3f1d5dfa8815', 'user:finalize', 'user', 'finalize', 'Permission to finalize in user module.');
INSERT OR IGNORE INTO permissions (id, name, module, action, description) VALUES ('8c13c16c-cd39-48d1-bf68-0c306614a64a', 'user:unlock', 'user', 'unlock', 'Permission to unlock in user module.');
INSERT OR IGNORE INTO permissions (id, name, module, action, description) VALUES ('e15805d4-df0a-4873-9cc5-5c730521c508', 'user:clone', 'user', 'clone', 'Permission to clone in user module.');
INSERT OR IGNORE INTO permissions (id, name, module, action, description) VALUES ('9ddcfa5c-73e6-44c1-972c-28cd3cab5e44', 'score:view', 'score', 'view', 'Permission to view in score module.');
INSERT OR IGNORE INTO permissions (id, name, module, action, description) VALUES ('4cdd309e-e106-452d-962f-aa3a50ce638f', 'score:create', 'score', 'create', 'Permission to create in score module.');
INSERT OR IGNORE INTO permissions (id, name, module, action, description) VALUES ('2f4583fe-2034-4a31-ac12-a25eb06800b1', 'score:update', 'score', 'update', 'Permission to update in score module.');
INSERT OR IGNORE INTO permissions (id, name, module, action, description) VALUES ('0d225258-40a9-41f7-a155-916c034984ac', 'score:delete', 'score', 'delete', 'Permission to delete in score module.');
INSERT OR IGNORE INTO permissions (id, name, module, action, description) VALUES ('406a806d-80db-4c06-8add-869ef3eb6726', 'score:restore', 'score', 'restore', 'Permission to restore in score module.');
INSERT OR IGNORE INTO permissions (id, name, module, action, description) VALUES ('d9dfa26e-426d-4bbd-bf8d-745da8985877', 'score:import', 'score', 'import', 'Permission to import in score module.');
INSERT OR IGNORE INTO permissions (id, name, module, action, description) VALUES ('a8f331f3-48c3-4b25-a6db-c8fe9a62e596', 'score:export', 'score', 'export', 'Permission to export in score module.');
INSERT OR IGNORE INTO permissions (id, name, module, action, description) VALUES ('33551968-35bc-45eb-8033-2e292b823e89', 'score:finalize', 'score', 'finalize', 'Permission to finalize in score module.');
INSERT OR IGNORE INTO permissions (id, name, module, action, description) VALUES ('e829441a-5d9b-4f10-b62a-532dd1b89ea4', 'score:unlock', 'score', 'unlock', 'Permission to unlock in score module.');
INSERT OR IGNORE INTO permissions (id, name, module, action, description) VALUES ('bf3db6be-0aaa-4004-a5ff-770c08f5957e', 'score:clone', 'score', 'clone', 'Permission to clone in score module.');
INSERT OR IGNORE INTO permissions (id, name, module, action, description) VALUES ('ca445630-fd39-43f6-aba1-a4c6a7756ddb', 'attendance:view', 'attendance', 'view', 'Permission to view in attendance module.');
INSERT OR IGNORE INTO permissions (id, name, module, action, description) VALUES ('b3c8043d-8c84-4b2e-bafb-2e0ed838c43e', 'attendance:create', 'attendance', 'create', 'Permission to create in attendance module.');
INSERT OR IGNORE INTO permissions (id, name, module, action, description) VALUES ('c21333be-0379-4743-9255-3adac3d06568', 'attendance:update', 'attendance', 'update', 'Permission to update in attendance module.');
INSERT OR IGNORE INTO permissions (id, name, module, action, description) VALUES ('44ce347b-d1ba-4055-a679-5a4c95bb061d', 'attendance:delete', 'attendance', 'delete', 'Permission to delete in attendance module.');
INSERT OR IGNORE INTO permissions (id, name, module, action, description) VALUES ('5f72f5c2-1869-4e8e-bc4a-959c5d22743d', 'attendance:restore', 'attendance', 'restore', 'Permission to restore in attendance module.');
INSERT OR IGNORE INTO permissions (id, name, module, action, description) VALUES ('e437c584-8847-4d98-bcbf-b4fcf7103c73', 'attendance:import', 'attendance', 'import', 'Permission to import in attendance module.');
INSERT OR IGNORE INTO permissions (id, name, module, action, description) VALUES ('6fccb329-cf66-41b0-85f8-4d2823977e7e', 'attendance:export', 'attendance', 'export', 'Permission to export in attendance module.');
INSERT OR IGNORE INTO permissions (id, name, module, action, description) VALUES ('cf5ecb4c-f988-402b-b8ad-5a2b9e58266a', 'attendance:finalize', 'attendance', 'finalize', 'Permission to finalize in attendance module.');
INSERT OR IGNORE INTO permissions (id, name, module, action, description) VALUES ('c2b3c93a-c8b8-4a7e-a478-029553529c66', 'attendance:unlock', 'attendance', 'unlock', 'Permission to unlock in attendance module.');
INSERT OR IGNORE INTO permissions (id, name, module, action, description) VALUES ('fdffe337-9c26-43bb-8ded-f989aa723c28', 'attendance:clone', 'attendance', 'clone', 'Permission to clone in attendance module.');
INSERT OR IGNORE INTO permissions (id, name, module, action, description) VALUES ('d142b95a-bc5d-4f65-92a1-0899044ab4da', 'akhlaq:view', 'akhlaq', 'view', 'Permission to view in akhlaq module.');
INSERT OR IGNORE INTO permissions (id, name, module, action, description) VALUES ('5774a14b-17fe-4f51-8e45-efa7eed79721', 'akhlaq:create', 'akhlaq', 'create', 'Permission to create in akhlaq module.');
INSERT OR IGNORE INTO permissions (id, name, module, action, description) VALUES ('73c4dda2-8fd4-40a8-9bd0-1bc80bc190af', 'akhlaq:update', 'akhlaq', 'update', 'Permission to update in akhlaq module.');
INSERT OR IGNORE INTO permissions (id, name, module, action, description) VALUES ('50cbafa2-94fe-4ba7-bae6-2c6900b78a10', 'akhlaq:delete', 'akhlaq', 'delete', 'Permission to delete in akhlaq module.');
INSERT OR IGNORE INTO permissions (id, name, module, action, description) VALUES ('2e05acd4-5932-4d8b-b27f-c8bed8649d74', 'akhlaq:restore', 'akhlaq', 'restore', 'Permission to restore in akhlaq module.');
INSERT OR IGNORE INTO permissions (id, name, module, action, description) VALUES ('6c634cac-20c6-4366-92f9-9e8b0f7a9789', 'akhlaq:import', 'akhlaq', 'import', 'Permission to import in akhlaq module.');
INSERT OR IGNORE INTO permissions (id, name, module, action, description) VALUES ('5a63721a-bea0-4fd4-9de0-f90309e492b3', 'akhlaq:export', 'akhlaq', 'export', 'Permission to export in akhlaq module.');
INSERT OR IGNORE INTO permissions (id, name, module, action, description) VALUES ('7b93baa7-1231-4027-b013-bfcfa60b3238', 'akhlaq:finalize', 'akhlaq', 'finalize', 'Permission to finalize in akhlaq module.');
INSERT OR IGNORE INTO permissions (id, name, module, action, description) VALUES ('2992b4cb-71e1-4d64-b01a-0d73a27f1640', 'akhlaq:unlock', 'akhlaq', 'unlock', 'Permission to unlock in akhlaq module.');
INSERT OR IGNORE INTO permissions (id, name, module, action, description) VALUES ('3c70917b-6005-47c4-b70a-819b3f0cf411', 'akhlaq:clone', 'akhlaq', 'clone', 'Permission to clone in akhlaq module.');
INSERT OR IGNORE INTO permissions (id, name, module, action, description) VALUES ('df5ab785-5b38-4592-87e3-f23d9cb43a37', 'report:view', 'report', 'view', 'Permission to view in report module.');
INSERT OR IGNORE INTO permissions (id, name, module, action, description) VALUES ('a0e1a56f-8863-4945-b692-152813c1c98c', 'report:create', 'report', 'create', 'Permission to create in report module.');
INSERT OR IGNORE INTO permissions (id, name, module, action, description) VALUES ('4386c0b1-7413-49c5-acb9-d3bdc0f1ecef', 'report:update', 'report', 'update', 'Permission to update in report module.');
INSERT OR IGNORE INTO permissions (id, name, module, action, description) VALUES ('9abdee13-4799-4574-8ada-2522c32dac96', 'report:delete', 'report', 'delete', 'Permission to delete in report module.');
INSERT OR IGNORE INTO permissions (id, name, module, action, description) VALUES ('492cbc8b-f594-4093-9ab0-37db91e56726', 'report:restore', 'report', 'restore', 'Permission to restore in report module.');
INSERT OR IGNORE INTO permissions (id, name, module, action, description) VALUES ('20400abf-6c30-4831-88a4-19342d9adc66', 'report:import', 'report', 'import', 'Permission to import in report module.');
INSERT OR IGNORE INTO permissions (id, name, module, action, description) VALUES ('281bcf23-dc5d-49f9-a724-b700b0e54e83', 'report:export', 'report', 'export', 'Permission to export in report module.');
INSERT OR IGNORE INTO permissions (id, name, module, action, description) VALUES ('9ee3905d-acca-4d82-875b-3518a3453553', 'report:finalize', 'report', 'finalize', 'Permission to finalize in report module.');
INSERT OR IGNORE INTO permissions (id, name, module, action, description) VALUES ('ef872a02-718e-4bea-b949-5360b406afd7', 'report:unlock', 'report', 'unlock', 'Permission to unlock in report module.');
INSERT OR IGNORE INTO permissions (id, name, module, action, description) VALUES ('0cee04f9-ac5d-48b6-8171-bdc7d09fe02e', 'report:clone', 'report', 'clone', 'Permission to clone in report module.');
INSERT OR IGNORE INTO permissions (id, name, module, action, description) VALUES ('22d0c3a1-ebf5-4a53-a0ef-f8f09ad11328', 'monitoring:view', 'monitoring', 'view', 'Permission to view in monitoring module.');
INSERT OR IGNORE INTO permissions (id, name, module, action, description) VALUES ('a1159e37-fd00-4655-9e93-6c305b519220', 'monitoring:create', 'monitoring', 'create', 'Permission to create in monitoring module.');
INSERT OR IGNORE INTO permissions (id, name, module, action, description) VALUES ('cf6c28a1-93d5-40d9-8396-6373cecbf1e1', 'monitoring:update', 'monitoring', 'update', 'Permission to update in monitoring module.');
INSERT OR IGNORE INTO permissions (id, name, module, action, description) VALUES ('d9f2dbd8-632a-416a-a799-299500909e9f', 'monitoring:delete', 'monitoring', 'delete', 'Permission to delete in monitoring module.');
INSERT OR IGNORE INTO permissions (id, name, module, action, description) VALUES ('854fad26-b4ac-43a1-8335-33450b52bc77', 'monitoring:restore', 'monitoring', 'restore', 'Permission to restore in monitoring module.');
INSERT OR IGNORE INTO permissions (id, name, module, action, description) VALUES ('6a827e7f-c3ea-4a69-ab8f-78d0180f2ef6', 'monitoring:import', 'monitoring', 'import', 'Permission to import in monitoring module.');
INSERT OR IGNORE INTO permissions (id, name, module, action, description) VALUES ('3f54dec9-8bed-42b4-be84-2fde2d4e22d6', 'monitoring:export', 'monitoring', 'export', 'Permission to export in monitoring module.');
INSERT OR IGNORE INTO permissions (id, name, module, action, description) VALUES ('8a8bb11c-73a3-4c8e-804e-f70f1863eeda', 'monitoring:finalize', 'monitoring', 'finalize', 'Permission to finalize in monitoring module.');
INSERT OR IGNORE INTO permissions (id, name, module, action, description) VALUES ('1670329c-a758-49ec-9d06-eaf449c3192d', 'monitoring:unlock', 'monitoring', 'unlock', 'Permission to unlock in monitoring module.');
INSERT OR IGNORE INTO permissions (id, name, module, action, description) VALUES ('4fe7bcfe-fe57-4324-819b-3b7b79e7dd46', 'monitoring:clone', 'monitoring', 'clone', 'Permission to clone in monitoring module.');
INSERT OR IGNORE INTO permissions (id, name, module, action, description) VALUES ('8d3bb3da-9bfb-4c88-9707-6ba380dccf10', 'audit:view', 'audit', 'view', 'Permission to view in audit module.');
INSERT OR IGNORE INTO permissions (id, name, module, action, description) VALUES ('bf268d73-3763-4755-9f2b-96f3410e7ded', 'audit:create', 'audit', 'create', 'Permission to create in audit module.');
INSERT OR IGNORE INTO permissions (id, name, module, action, description) VALUES ('0c2f72b1-835c-4e47-888d-b5d512d65792', 'audit:update', 'audit', 'update', 'Permission to update in audit module.');
INSERT OR IGNORE INTO permissions (id, name, module, action, description) VALUES ('0511f383-77a9-4f93-961c-45850872ba4a', 'audit:delete', 'audit', 'delete', 'Permission to delete in audit module.');
INSERT OR IGNORE INTO permissions (id, name, module, action, description) VALUES ('229cac8a-08fb-4651-8798-ab385dd0599a', 'audit:restore', 'audit', 'restore', 'Permission to restore in audit module.');
INSERT OR IGNORE INTO permissions (id, name, module, action, description) VALUES ('402ee85c-d260-4e66-8166-4172aaa480a7', 'audit:import', 'audit', 'import', 'Permission to import in audit module.');
INSERT OR IGNORE INTO permissions (id, name, module, action, description) VALUES ('44e4a1f1-919f-4f08-a776-ab080e4bf459', 'audit:export', 'audit', 'export', 'Permission to export in audit module.');
INSERT OR IGNORE INTO permissions (id, name, module, action, description) VALUES ('4891fba4-bc24-4ef5-b8d0-1319d67a326c', 'audit:finalize', 'audit', 'finalize', 'Permission to finalize in audit module.');
INSERT OR IGNORE INTO permissions (id, name, module, action, description) VALUES ('5d21d59e-7fa5-4552-8bde-1d226d96f4bb', 'audit:unlock', 'audit', 'unlock', 'Permission to unlock in audit module.');
INSERT OR IGNORE INTO permissions (id, name, module, action, description) VALUES ('967562da-083c-4f5b-a4ab-172c91eb5e12', 'audit:clone', 'audit', 'clone', 'Permission to clone in audit module.');
INSERT OR IGNORE INTO permissions (id, name, module, action, description) VALUES ('cb8a3f0f-9d2b-40d4-a909-a6d77720b6c3', 'recycle_bin:view', 'recycle_bin', 'view', 'Permission to view in recycle_bin module.');
INSERT OR IGNORE INTO permissions (id, name, module, action, description) VALUES ('1f6e1f78-82d0-4fe8-ba30-f9c21dfa8c1b', 'recycle_bin:create', 'recycle_bin', 'create', 'Permission to create in recycle_bin module.');
INSERT OR IGNORE INTO permissions (id, name, module, action, description) VALUES ('ca06f8b0-7836-49d4-8a2d-afb8a28e3838', 'recycle_bin:update', 'recycle_bin', 'update', 'Permission to update in recycle_bin module.');
INSERT OR IGNORE INTO permissions (id, name, module, action, description) VALUES ('2d33113d-a10a-4a45-aad0-71392eb84614', 'recycle_bin:delete', 'recycle_bin', 'delete', 'Permission to delete in recycle_bin module.');
INSERT OR IGNORE INTO permissions (id, name, module, action, description) VALUES ('3873b7b5-1c17-4933-9974-657cd85f7492', 'recycle_bin:restore', 'recycle_bin', 'restore', 'Permission to restore in recycle_bin module.');
INSERT OR IGNORE INTO permissions (id, name, module, action, description) VALUES ('9eee1081-ff54-49c4-905d-95b5a9e81e44', 'recycle_bin:import', 'recycle_bin', 'import', 'Permission to import in recycle_bin module.');
INSERT OR IGNORE INTO permissions (id, name, module, action, description) VALUES ('bf2feca1-0f53-478f-a360-37d2b29aa5e9', 'recycle_bin:export', 'recycle_bin', 'export', 'Permission to export in recycle_bin module.');
INSERT OR IGNORE INTO permissions (id, name, module, action, description) VALUES ('71855863-95ae-4f0b-8625-ce50cea10bb5', 'recycle_bin:finalize', 'recycle_bin', 'finalize', 'Permission to finalize in recycle_bin module.');
INSERT OR IGNORE INTO permissions (id, name, module, action, description) VALUES ('08237dad-92ae-47d8-ab65-eb96391daab6', 'recycle_bin:unlock', 'recycle_bin', 'unlock', 'Permission to unlock in recycle_bin module.');
INSERT OR IGNORE INTO permissions (id, name, module, action, description) VALUES ('ac53daa1-34f6-488d-b364-a8acfe716eaa', 'recycle_bin:clone', 'recycle_bin', 'clone', 'Permission to clone in recycle_bin module.');

-- 4. Map Permissions to System Roles
INSERT OR IGNORE INTO role_permissions (id, role_id, permission_id) VALUES ('2ee9725b-96ff-46c0-9ae9-a0ee2ab2aaaf', 'super_admin', '941019b8-f763-478d-baec-42cda8bc62ba');
INSERT OR IGNORE INTO role_permissions (id, role_id, permission_id) VALUES ('d92aa583-f556-433c-8899-4521bfd1ade1', 'super_admin', '9cac1747-4cd5-4e33-a658-221aea92cfd5');
INSERT OR IGNORE INTO role_permissions (id, role_id, permission_id) VALUES ('a453b8a6-3597-4b69-87a4-e51344864bab', 'super_admin', '625411d0-fe71-4fb1-9b56-0e61c8d74e3e');
INSERT OR IGNORE INTO role_permissions (id, role_id, permission_id) VALUES ('6b0683f4-2662-4267-a48a-d48779f38f35', 'super_admin', '794e5cdd-b8f3-43f9-abcc-bf739acc3351');
INSERT OR IGNORE INTO role_permissions (id, role_id, permission_id) VALUES ('321e9e67-d330-4e63-9ddf-f158d7031e49', 'super_admin', 'f95a1427-4f49-4863-be48-8428cfebb2d7');
INSERT OR IGNORE INTO role_permissions (id, role_id, permission_id) VALUES ('a4b250fd-b006-4cfe-b6a5-623a232ef235', 'super_admin', '3a2e649a-bea2-4008-85e9-f1f769bf9d4d');
INSERT OR IGNORE INTO role_permissions (id, role_id, permission_id) VALUES ('fcb78fa2-ae81-4a2b-ad04-f26bfd2486e1', 'super_admin', 'a79d49b5-adae-440a-ab7d-c366ec54882a');
INSERT OR IGNORE INTO role_permissions (id, role_id, permission_id) VALUES ('c0fc81ad-5fcb-45e9-86cd-31060f1108da', 'super_admin', '2b2d9662-1a20-4c78-955b-ab0113d3754b');
INSERT OR IGNORE INTO role_permissions (id, role_id, permission_id) VALUES ('5eb8ff09-2420-4ab5-b984-f46db1a9f892', 'super_admin', '689d80f3-2c5e-4f4f-8e3c-7e57d482b508');
INSERT OR IGNORE INTO role_permissions (id, role_id, permission_id) VALUES ('1c00e40e-0bbf-441f-bc4c-046ca91df8eb', 'super_admin', '7811a809-fbe5-42c0-831d-416edc15cd2b');
INSERT OR IGNORE INTO role_permissions (id, role_id, permission_id) VALUES ('f606cf72-de82-42a0-a465-d88643e97bcf', 'super_admin', '3b123739-7b1d-4961-b125-7435e102c8d1');
INSERT OR IGNORE INTO role_permissions (id, role_id, permission_id) VALUES ('08f39053-b558-4d4a-a23e-57729f36e13e', 'super_admin', '242dfce3-21fb-4b54-a640-7d8a6afbf482');
INSERT OR IGNORE INTO role_permissions (id, role_id, permission_id) VALUES ('b694beea-6869-41e0-9ed4-810b61cfc648', 'super_admin', 'f02d8429-13d2-4d6d-9390-9ec9fd3ce0dc');
INSERT OR IGNORE INTO role_permissions (id, role_id, permission_id) VALUES ('8195223e-1e55-4de1-9d55-63f9b2ebcbe2', 'super_admin', '098e3a7a-f62b-4d4f-85dc-555d5e3233a0');
INSERT OR IGNORE INTO role_permissions (id, role_id, permission_id) VALUES ('11637bdb-0a65-4252-80d3-94727325c7f0', 'super_admin', '2b95b74a-9a58-42db-95f7-a7a94d46af6b');
INSERT OR IGNORE INTO role_permissions (id, role_id, permission_id) VALUES ('d9427d73-c36a-4863-aad7-3ee6b302fac4', 'super_admin', '59711825-6ada-4527-807d-f27a449d2738');
INSERT OR IGNORE INTO role_permissions (id, role_id, permission_id) VALUES ('8cc9e9c7-dcfb-4ee1-8cab-7016f1a17317', 'super_admin', '602d44b6-1abc-4a86-a0f7-6bc9fe4d954a');
INSERT OR IGNORE INTO role_permissions (id, role_id, permission_id) VALUES ('b280551b-2c61-44ca-86c3-ffe65b44d7d5', 'super_admin', '64a5cf73-70ca-4f66-962b-3c2849f1bd52');
INSERT OR IGNORE INTO role_permissions (id, role_id, permission_id) VALUES ('752152b7-8f01-40e7-8338-e9823a2bb5fa', 'super_admin', 'd681d0af-c174-43fe-a208-1854e1803fd9');
INSERT OR IGNORE INTO role_permissions (id, role_id, permission_id) VALUES ('bad368ca-17b1-47a3-bb89-b9e6d21420aa', 'super_admin', 'b59449b9-3ed1-4884-a68b-0e4c45ae4fd1');
INSERT OR IGNORE INTO role_permissions (id, role_id, permission_id) VALUES ('b28aa096-c110-4eb6-af34-7d42566a5d2c', 'super_admin', '82f09e02-6e04-4683-9e4c-53c9e2ae2efc');
INSERT OR IGNORE INTO role_permissions (id, role_id, permission_id) VALUES ('046b3707-9457-43fd-8321-d8ba2db7e514', 'super_admin', 'e30234d6-7083-493d-9431-81df4adc84d5');
INSERT OR IGNORE INTO role_permissions (id, role_id, permission_id) VALUES ('d31f1622-40e6-4242-8407-7c34dbcf44e0', 'super_admin', 'f6fbe8ec-f1e8-4ca5-8000-8ffefcb4a698');
INSERT OR IGNORE INTO role_permissions (id, role_id, permission_id) VALUES ('c78d0b4e-3ca4-4ab9-a14a-1bc0b2af8c0a', 'super_admin', '3ac0b04c-1735-49c8-932a-cda98b21a5d2');
INSERT OR IGNORE INTO role_permissions (id, role_id, permission_id) VALUES ('5c8eed86-5bad-4f62-91c6-7e1052e9504a', 'super_admin', 'e3997446-2bf3-4948-80a9-bae9c5be10b4');
INSERT OR IGNORE INTO role_permissions (id, role_id, permission_id) VALUES ('56ae5983-4c09-4fe4-82b3-e680f37818c3', 'super_admin', '9bb7fbf2-7bfe-40ba-be1c-aceb799c5fa8');
INSERT OR IGNORE INTO role_permissions (id, role_id, permission_id) VALUES ('0a089f7b-6150-43bf-83d4-50c2a0b65e34', 'super_admin', '1821b772-3bfb-43c8-a0f9-266d17cb0120');
INSERT OR IGNORE INTO role_permissions (id, role_id, permission_id) VALUES ('9ca77460-8e71-4160-a629-7a59a4c40438', 'super_admin', '644af667-4d96-46e1-9021-c241c65b0271');
INSERT OR IGNORE INTO role_permissions (id, role_id, permission_id) VALUES ('3ffa9f49-41b5-4836-8971-279c0e6964ba', 'super_admin', 'db369003-252c-4eb0-b25d-a34814cf7ea1');
INSERT OR IGNORE INTO role_permissions (id, role_id, permission_id) VALUES ('53b3bedf-5421-4df2-a634-0655dce5d59b', 'super_admin', '555c40b4-69d9-45c1-acd3-7c9df97d4e76');
INSERT OR IGNORE INTO role_permissions (id, role_id, permission_id) VALUES ('a5e75555-392a-4640-8575-fa5ab6d9796e', 'super_admin', '3ca4a3ec-34d1-4158-9a6b-fee9293466cf');
INSERT OR IGNORE INTO role_permissions (id, role_id, permission_id) VALUES ('a429945b-6903-4662-a8bf-40bf5a1b43f6', 'super_admin', 'ccce3ebb-50f3-4acc-9868-c1a56c63efe1');
INSERT OR IGNORE INTO role_permissions (id, role_id, permission_id) VALUES ('8130f911-dc68-46a8-aee8-7422426eabad', 'super_admin', '876277c7-9d34-434d-bc6f-e2ce3f354454');
INSERT OR IGNORE INTO role_permissions (id, role_id, permission_id) VALUES ('7d477831-273f-4fd2-8741-7d03469ea6fd', 'super_admin', '6902d2ae-62b7-4cb6-9213-c5c405fcc7c0');
INSERT OR IGNORE INTO role_permissions (id, role_id, permission_id) VALUES ('de40a416-4bb7-405f-a187-febfb4b11a3a', 'super_admin', '279f5ad2-525f-4b7e-bc6e-5065c78c74f6');
INSERT OR IGNORE INTO role_permissions (id, role_id, permission_id) VALUES ('a94e7c64-03e8-491d-841f-6f6a9a497d16', 'super_admin', 'a3ec655b-6612-40e5-a28d-89592bfd8203');
INSERT OR IGNORE INTO role_permissions (id, role_id, permission_id) VALUES ('4e08788d-e796-4a42-aef4-2a0ca0c3502b', 'super_admin', '7f85ab56-c662-4d28-bd47-66aa66598258');
INSERT OR IGNORE INTO role_permissions (id, role_id, permission_id) VALUES ('355df166-cea4-4017-8cb6-34c2ca7fb0b7', 'super_admin', '8ff5397a-3921-4cf0-9e87-938e25a476c4');
INSERT OR IGNORE INTO role_permissions (id, role_id, permission_id) VALUES ('1070cd02-c707-45b6-8c16-ca3e78a084ee', 'super_admin', 'b00b45c6-c3eb-4638-a216-89da9bda3c0e');
INSERT OR IGNORE INTO role_permissions (id, role_id, permission_id) VALUES ('db48f4a7-1813-462b-a414-663ebc5118e2', 'super_admin', 'bee1eb9a-5777-4166-bdea-51abfd6e275d');
INSERT OR IGNORE INTO role_permissions (id, role_id, permission_id) VALUES ('47a6fc99-a91c-40ac-986a-736729a574be', 'super_admin', '9b578c9e-d54d-40a6-a167-9c2077dcfb73');
INSERT OR IGNORE INTO role_permissions (id, role_id, permission_id) VALUES ('570fce78-b4be-4073-b31b-ceb6b8fff613', 'super_admin', 'ce52bf45-ab2b-459f-9f65-fb7726a91666');
INSERT OR IGNORE INTO role_permissions (id, role_id, permission_id) VALUES ('30e052c4-9234-407b-851a-45e3654d0793', 'super_admin', '2432f740-cf25-4cd2-9c0d-1e99e03f8331');
INSERT OR IGNORE INTO role_permissions (id, role_id, permission_id) VALUES ('63359260-b295-433e-9a8d-9751bdc433eb', 'super_admin', 'a3981aff-4dd1-4051-9152-b20ed10ee3ca');
INSERT OR IGNORE INTO role_permissions (id, role_id, permission_id) VALUES ('0485463c-81ec-44a4-8b52-fe8415c39565', 'super_admin', 'a0dc1c0e-6ba4-450a-9d96-2ff417e31211');
INSERT OR IGNORE INTO role_permissions (id, role_id, permission_id) VALUES ('ab775433-8e4f-4c35-a64d-be2633bc55f1', 'super_admin', '04106e4e-e662-45fe-92e9-e3819faad8a2');
INSERT OR IGNORE INTO role_permissions (id, role_id, permission_id) VALUES ('25e3c8cc-98f5-4314-9efd-e2c7a9314102', 'super_admin', 'c2caf6b3-6d30-46c1-8bec-0570e911a903');
INSERT OR IGNORE INTO role_permissions (id, role_id, permission_id) VALUES ('91f93294-4ff0-41ad-b6fd-7ceddb81456a', 'super_admin', '36688e83-5a3d-4264-a5ac-b42075c4dad9');
INSERT OR IGNORE INTO role_permissions (id, role_id, permission_id) VALUES ('ca38c430-6394-48ec-9ed6-9314e69bb03d', 'super_admin', 'fa48c818-f95e-4fca-b4dc-dc685076a543');
INSERT OR IGNORE INTO role_permissions (id, role_id, permission_id) VALUES ('0703757d-084d-4c4c-b5d4-4fd80a9d3323', 'super_admin', 'a6d26f28-f111-4073-9eab-6f62b041e2be');
INSERT OR IGNORE INTO role_permissions (id, role_id, permission_id) VALUES ('57a5f1dd-9fea-4e99-b6fd-b458ecc6b0bc', 'super_admin', '65a25828-dc18-4b95-b13f-6de52d92cd87');
INSERT OR IGNORE INTO role_permissions (id, role_id, permission_id) VALUES ('1b8390ee-b9d1-427e-b746-8550707cf757', 'super_admin', 'fd839d4e-2f52-496d-b167-26c8892f237c');
INSERT OR IGNORE INTO role_permissions (id, role_id, permission_id) VALUES ('61ab5552-575c-4504-8e6b-38dbf759830e', 'super_admin', '8248098e-7ba5-4f54-911e-5e3327db6d49');
INSERT OR IGNORE INTO role_permissions (id, role_id, permission_id) VALUES ('68c9c055-050c-4824-a35a-6c1aa85c1a9f', 'super_admin', '00c1f54c-3902-4fb3-b00b-aa5cc9dcff5e');
INSERT OR IGNORE INTO role_permissions (id, role_id, permission_id) VALUES ('fb9d1825-2919-4487-996f-3048b05d91dc', 'super_admin', '38aee94c-598c-4cab-979e-f5c4e7876dbf');
INSERT OR IGNORE INTO role_permissions (id, role_id, permission_id) VALUES ('bb78431d-2510-4e79-a6de-f4a9fb3c79af', 'super_admin', '01d7e6d8-7749-4e66-b3ca-03cc35a4950d');
INSERT OR IGNORE INTO role_permissions (id, role_id, permission_id) VALUES ('9d0b32cd-ac95-4093-aeb3-1d7965149fd7', 'super_admin', '3295630b-1032-4632-8652-5d74a3eff6c5');
INSERT OR IGNORE INTO role_permissions (id, role_id, permission_id) VALUES ('e8ce5792-70df-4c54-8f1b-aacff39ef01d', 'super_admin', '3849c106-5cbe-47f6-9cd6-73e0f5fa287b');
INSERT OR IGNORE INTO role_permissions (id, role_id, permission_id) VALUES ('8f8d0469-5891-413b-b267-2ed6540e1f89', 'super_admin', 'd4ce89af-366b-4104-b3f7-5a1d4d442a2f');
INSERT OR IGNORE INTO role_permissions (id, role_id, permission_id) VALUES ('8e326d0a-4c29-4a54-84ec-315d0437f33a', 'super_admin', '01bd8914-4bd6-4965-af43-2fbc85ca76da');
INSERT OR IGNORE INTO role_permissions (id, role_id, permission_id) VALUES ('27bce097-1020-442d-8853-5b1b9d6c589b', 'super_admin', '2d02bcbf-4b58-4100-91fc-edd9846dd4ea');
INSERT OR IGNORE INTO role_permissions (id, role_id, permission_id) VALUES ('e24724bb-cb1f-4a03-8e59-eb016d3ac938', 'super_admin', 'f5983194-d42f-4ddb-a87a-f100afa01886');
INSERT OR IGNORE INTO role_permissions (id, role_id, permission_id) VALUES ('3bda8a74-ba15-4dca-96f5-b8073eb5f2c4', 'super_admin', '55836a8e-a50e-4d40-9927-b593f58c2425');
INSERT OR IGNORE INTO role_permissions (id, role_id, permission_id) VALUES ('1b69643a-80e2-41f2-bd67-d17be091d315', 'super_admin', 'd90bbd02-81c5-457b-a092-9bcb868e4acc');
INSERT OR IGNORE INTO role_permissions (id, role_id, permission_id) VALUES ('5d956885-582b-4041-850b-45e4627c2f20', 'super_admin', 'b3eb45a6-8d22-4be9-ad76-9a9e48553017');
INSERT OR IGNORE INTO role_permissions (id, role_id, permission_id) VALUES ('624ad9df-12b0-4cf4-a316-a9a3b130a411', 'super_admin', 'c1de5003-26dd-438d-8215-7ec4322c8aeb');
INSERT OR IGNORE INTO role_permissions (id, role_id, permission_id) VALUES ('52b984e7-0f8e-4e81-8940-4ba9082cfd86', 'super_admin', '803369c9-d180-4026-951d-8198ff1e8bed');
INSERT OR IGNORE INTO role_permissions (id, role_id, permission_id) VALUES ('edb99d2e-d12d-4412-906e-b7915c534702', 'super_admin', '5cdeedec-bd49-4c45-9706-9ef11d8d5573');
INSERT OR IGNORE INTO role_permissions (id, role_id, permission_id) VALUES ('d5f10894-1a53-4ce2-91e8-bd8d5c0cc7bc', 'super_admin', '23bff54c-0ae1-4d10-bdd9-7c3e2252e1ab');
INSERT OR IGNORE INTO role_permissions (id, role_id, permission_id) VALUES ('a8e3a2e4-7c25-4c58-a3a1-825f29fe9de6', 'super_admin', '375d2819-033a-4068-9c6e-eab1c970445a');
INSERT OR IGNORE INTO role_permissions (id, role_id, permission_id) VALUES ('826b8f2c-aa9e-4c0b-a22a-b04563ce4fe2', 'super_admin', 'c4d36816-aaf8-4294-86cb-07eaaf295757');
INSERT OR IGNORE INTO role_permissions (id, role_id, permission_id) VALUES ('719040eb-010c-465b-99e3-73445777f7b0', 'super_admin', 'c8786ee3-2b41-457b-8bc7-8d0ebba54688');
INSERT OR IGNORE INTO role_permissions (id, role_id, permission_id) VALUES ('80ecf1b2-d87b-4e70-a33f-762fa12f6df1', 'super_admin', '45cae71e-b70d-447e-ac60-b44d5a825a2d');
INSERT OR IGNORE INTO role_permissions (id, role_id, permission_id) VALUES ('9b53adcd-a79d-4385-8b5a-f4ae8ab86f78', 'super_admin', '760a2e6f-e3dd-45ee-909f-d9c9074ba226');
INSERT OR IGNORE INTO role_permissions (id, role_id, permission_id) VALUES ('08ff4ce6-8d2b-45aa-8241-fd0d30936f57', 'super_admin', 'bc2fbd7c-32bc-4e73-b292-ba216ec3ce76');
INSERT OR IGNORE INTO role_permissions (id, role_id, permission_id) VALUES ('5366701d-9226-4524-a31f-2512f0f48450', 'super_admin', '452f7568-0f99-4469-83f6-e878eeb1c4c8');
INSERT OR IGNORE INTO role_permissions (id, role_id, permission_id) VALUES ('d15b8416-1e96-4a89-96cc-6ed0420d0b4e', 'super_admin', '660a62e5-dd1d-4ba5-a99a-b48cd4206078');
INSERT OR IGNORE INTO role_permissions (id, role_id, permission_id) VALUES ('4bb654d9-9ddb-4a53-a51b-91e561791de5', 'super_admin', 'b30692a8-2edf-4171-89c1-3f1d5dfa8815');
INSERT OR IGNORE INTO role_permissions (id, role_id, permission_id) VALUES ('b2ca07ff-b952-4962-b201-9399a2b103bc', 'super_admin', '8c13c16c-cd39-48d1-bf68-0c306614a64a');
INSERT OR IGNORE INTO role_permissions (id, role_id, permission_id) VALUES ('0c49bfe8-4161-4588-9f64-841c44990780', 'super_admin', 'e15805d4-df0a-4873-9cc5-5c730521c508');
INSERT OR IGNORE INTO role_permissions (id, role_id, permission_id) VALUES ('7162f493-16ac-4e36-b616-9c39b8d7c681', 'super_admin', '9ddcfa5c-73e6-44c1-972c-28cd3cab5e44');
INSERT OR IGNORE INTO role_permissions (id, role_id, permission_id) VALUES ('f688c3d2-aea8-4aee-b2a7-f3ba5fd537b8', 'super_admin', '4cdd309e-e106-452d-962f-aa3a50ce638f');
INSERT OR IGNORE INTO role_permissions (id, role_id, permission_id) VALUES ('8eac42c9-96cf-4f39-8ffb-0520bf52dc54', 'super_admin', '2f4583fe-2034-4a31-ac12-a25eb06800b1');
INSERT OR IGNORE INTO role_permissions (id, role_id, permission_id) VALUES ('223dc042-6134-4c8d-a93c-a4f93e229f42', 'super_admin', '0d225258-40a9-41f7-a155-916c034984ac');
INSERT OR IGNORE INTO role_permissions (id, role_id, permission_id) VALUES ('851f680a-42a2-4e09-bc35-d740c1dc6cc1', 'super_admin', '406a806d-80db-4c06-8add-869ef3eb6726');
INSERT OR IGNORE INTO role_permissions (id, role_id, permission_id) VALUES ('a99bf552-aed1-443d-b4ae-d4a47560d88c', 'super_admin', 'd9dfa26e-426d-4bbd-bf8d-745da8985877');
INSERT OR IGNORE INTO role_permissions (id, role_id, permission_id) VALUES ('d5b1544c-fc08-4135-9bef-a6cff789eccd', 'super_admin', 'a8f331f3-48c3-4b25-a6db-c8fe9a62e596');
INSERT OR IGNORE INTO role_permissions (id, role_id, permission_id) VALUES ('2ee16680-3d79-4b9b-9a3f-ac093b08498c', 'super_admin', '33551968-35bc-45eb-8033-2e292b823e89');
INSERT OR IGNORE INTO role_permissions (id, role_id, permission_id) VALUES ('1c794566-3d64-4d1d-ac59-d73ec02d0f40', 'super_admin', 'e829441a-5d9b-4f10-b62a-532dd1b89ea4');
INSERT OR IGNORE INTO role_permissions (id, role_id, permission_id) VALUES ('196d7771-6be3-4282-9287-bbc202194682', 'super_admin', 'bf3db6be-0aaa-4004-a5ff-770c08f5957e');
INSERT OR IGNORE INTO role_permissions (id, role_id, permission_id) VALUES ('137e522f-6945-41cc-bec3-d886a222d734', 'super_admin', 'ca445630-fd39-43f6-aba1-a4c6a7756ddb');
INSERT OR IGNORE INTO role_permissions (id, role_id, permission_id) VALUES ('ae7ef71a-7be2-4775-b381-fdf8a67a16e2', 'super_admin', 'b3c8043d-8c84-4b2e-bafb-2e0ed838c43e');
INSERT OR IGNORE INTO role_permissions (id, role_id, permission_id) VALUES ('8daf38cf-0947-4343-bc21-b7dffde302e0', 'super_admin', 'c21333be-0379-4743-9255-3adac3d06568');
INSERT OR IGNORE INTO role_permissions (id, role_id, permission_id) VALUES ('54e2f26e-fef5-4ce9-b64b-01de2094c3ba', 'super_admin', '44ce347b-d1ba-4055-a679-5a4c95bb061d');
INSERT OR IGNORE INTO role_permissions (id, role_id, permission_id) VALUES ('f4936b54-11ad-49ac-91a3-1e04b989a926', 'super_admin', '5f72f5c2-1869-4e8e-bc4a-959c5d22743d');
INSERT OR IGNORE INTO role_permissions (id, role_id, permission_id) VALUES ('9b280109-4940-4685-86dc-cd13c1425995', 'super_admin', 'e437c584-8847-4d98-bcbf-b4fcf7103c73');
INSERT OR IGNORE INTO role_permissions (id, role_id, permission_id) VALUES ('87e9c2af-ed0a-4ac3-8e05-d50838c2e62b', 'super_admin', '6fccb329-cf66-41b0-85f8-4d2823977e7e');
INSERT OR IGNORE INTO role_permissions (id, role_id, permission_id) VALUES ('194f5fad-1a37-4ab5-a575-9c896cffa003', 'super_admin', 'cf5ecb4c-f988-402b-b8ad-5a2b9e58266a');
INSERT OR IGNORE INTO role_permissions (id, role_id, permission_id) VALUES ('fbe3920a-db38-4e19-8def-1350beed7b8d', 'super_admin', 'c2b3c93a-c8b8-4a7e-a478-029553529c66');
INSERT OR IGNORE INTO role_permissions (id, role_id, permission_id) VALUES ('728f54f5-3463-405b-ae60-3ad1d0cc7a01', 'super_admin', 'fdffe337-9c26-43bb-8ded-f989aa723c28');
INSERT OR IGNORE INTO role_permissions (id, role_id, permission_id) VALUES ('59c8bf31-f9cc-42f5-86ee-ac5a20f5b304', 'super_admin', 'd142b95a-bc5d-4f65-92a1-0899044ab4da');
INSERT OR IGNORE INTO role_permissions (id, role_id, permission_id) VALUES ('fed74e63-d0d6-4d66-9d29-5a97b0ecf19d', 'super_admin', '5774a14b-17fe-4f51-8e45-efa7eed79721');
INSERT OR IGNORE INTO role_permissions (id, role_id, permission_id) VALUES ('2467a280-1cd8-4308-adc5-882644a4e3a2', 'super_admin', '73c4dda2-8fd4-40a8-9bd0-1bc80bc190af');
INSERT OR IGNORE INTO role_permissions (id, role_id, permission_id) VALUES ('abb73fe4-8677-46cf-8b3d-ae5251e0865e', 'super_admin', '50cbafa2-94fe-4ba7-bae6-2c6900b78a10');
INSERT OR IGNORE INTO role_permissions (id, role_id, permission_id) VALUES ('a13b2436-d013-4455-b072-af1992928197', 'super_admin', '2e05acd4-5932-4d8b-b27f-c8bed8649d74');
INSERT OR IGNORE INTO role_permissions (id, role_id, permission_id) VALUES ('9159dbb5-e082-4b28-84aa-010ec6860a83', 'super_admin', '6c634cac-20c6-4366-92f9-9e8b0f7a9789');
INSERT OR IGNORE INTO role_permissions (id, role_id, permission_id) VALUES ('f55ca738-8cee-4f17-9144-2fb4af880dc1', 'super_admin', '5a63721a-bea0-4fd4-9de0-f90309e492b3');
INSERT OR IGNORE INTO role_permissions (id, role_id, permission_id) VALUES ('01df4081-0166-4372-84fc-40512666e57e', 'super_admin', '7b93baa7-1231-4027-b013-bfcfa60b3238');
INSERT OR IGNORE INTO role_permissions (id, role_id, permission_id) VALUES ('ebcd8ad3-7b44-4020-a045-1e4bf88fff9c', 'super_admin', '2992b4cb-71e1-4d64-b01a-0d73a27f1640');
INSERT OR IGNORE INTO role_permissions (id, role_id, permission_id) VALUES ('4284dca0-8e5c-4737-bce3-17058e051e84', 'super_admin', '3c70917b-6005-47c4-b70a-819b3f0cf411');
INSERT OR IGNORE INTO role_permissions (id, role_id, permission_id) VALUES ('1b04e8e2-2ae8-4da2-b211-59de73e3273f', 'super_admin', 'df5ab785-5b38-4592-87e3-f23d9cb43a37');
INSERT OR IGNORE INTO role_permissions (id, role_id, permission_id) VALUES ('8a0b02e0-5cb9-4248-8a55-14efebdff63e', 'super_admin', 'a0e1a56f-8863-4945-b692-152813c1c98c');
INSERT OR IGNORE INTO role_permissions (id, role_id, permission_id) VALUES ('ba877c82-2c4b-4334-8b3f-16102ac49ced', 'super_admin', '4386c0b1-7413-49c5-acb9-d3bdc0f1ecef');
INSERT OR IGNORE INTO role_permissions (id, role_id, permission_id) VALUES ('b9f9616b-a28a-46a4-b9c8-99c8e81ec52f', 'super_admin', '9abdee13-4799-4574-8ada-2522c32dac96');
INSERT OR IGNORE INTO role_permissions (id, role_id, permission_id) VALUES ('788bea4c-0cd7-4457-8515-73d1650d974d', 'super_admin', '492cbc8b-f594-4093-9ab0-37db91e56726');
INSERT OR IGNORE INTO role_permissions (id, role_id, permission_id) VALUES ('6eb3e186-75b8-47da-b4fd-82f5ac788593', 'super_admin', '20400abf-6c30-4831-88a4-19342d9adc66');
INSERT OR IGNORE INTO role_permissions (id, role_id, permission_id) VALUES ('1c7e1f46-8537-430a-9b1d-da30d0196b79', 'super_admin', '281bcf23-dc5d-49f9-a724-b700b0e54e83');
INSERT OR IGNORE INTO role_permissions (id, role_id, permission_id) VALUES ('9c75a38d-8170-4b36-b80e-e6801948c599', 'super_admin', '9ee3905d-acca-4d82-875b-3518a3453553');
INSERT OR IGNORE INTO role_permissions (id, role_id, permission_id) VALUES ('8f05021e-ebaa-44ff-b9c9-67976302e3e3', 'super_admin', 'ef872a02-718e-4bea-b949-5360b406afd7');
INSERT OR IGNORE INTO role_permissions (id, role_id, permission_id) VALUES ('5bf4ec75-371c-4d72-af61-ebd8a8542d8d', 'super_admin', '0cee04f9-ac5d-48b6-8171-bdc7d09fe02e');
INSERT OR IGNORE INTO role_permissions (id, role_id, permission_id) VALUES ('cd780153-a731-4620-98ca-463ca66bb994', 'super_admin', '22d0c3a1-ebf5-4a53-a0ef-f8f09ad11328');
INSERT OR IGNORE INTO role_permissions (id, role_id, permission_id) VALUES ('e8ce6220-a3f4-4c1b-bf6b-c2e356d09bc4', 'super_admin', 'a1159e37-fd00-4655-9e93-6c305b519220');
INSERT OR IGNORE INTO role_permissions (id, role_id, permission_id) VALUES ('cfedd015-2600-4efe-8ab9-745f75953f8e', 'super_admin', 'cf6c28a1-93d5-40d9-8396-6373cecbf1e1');
INSERT OR IGNORE INTO role_permissions (id, role_id, permission_id) VALUES ('27a9c6bc-c0a2-4a9f-8271-71bab596a374', 'super_admin', 'd9f2dbd8-632a-416a-a799-299500909e9f');
INSERT OR IGNORE INTO role_permissions (id, role_id, permission_id) VALUES ('75e9b283-8117-4f2a-9d4a-5bec3ad9f0a7', 'super_admin', '854fad26-b4ac-43a1-8335-33450b52bc77');
INSERT OR IGNORE INTO role_permissions (id, role_id, permission_id) VALUES ('8692df87-499e-4644-a87f-ea6aa16d021f', 'super_admin', '6a827e7f-c3ea-4a69-ab8f-78d0180f2ef6');
INSERT OR IGNORE INTO role_permissions (id, role_id, permission_id) VALUES ('289b40c6-b0b7-4571-bfc4-c24a6e457796', 'super_admin', '3f54dec9-8bed-42b4-be84-2fde2d4e22d6');
INSERT OR IGNORE INTO role_permissions (id, role_id, permission_id) VALUES ('ab84840a-742b-4bb1-9275-ce89d6b014e5', 'super_admin', '8a8bb11c-73a3-4c8e-804e-f70f1863eeda');
INSERT OR IGNORE INTO role_permissions (id, role_id, permission_id) VALUES ('ed8664b6-1593-4b82-8edc-40a242483fcf', 'super_admin', '1670329c-a758-49ec-9d06-eaf449c3192d');
INSERT OR IGNORE INTO role_permissions (id, role_id, permission_id) VALUES ('6ee69f9e-c6a7-43a0-9d05-3cd3d78d1f9c', 'super_admin', '4fe7bcfe-fe57-4324-819b-3b7b79e7dd46');
INSERT OR IGNORE INTO role_permissions (id, role_id, permission_id) VALUES ('2126c5b6-3a02-428a-8f45-6fc730e301b5', 'super_admin', '8d3bb3da-9bfb-4c88-9707-6ba380dccf10');
INSERT OR IGNORE INTO role_permissions (id, role_id, permission_id) VALUES ('363132d9-9a02-4711-a93d-374f6a7df1d0', 'super_admin', 'bf268d73-3763-4755-9f2b-96f3410e7ded');
INSERT OR IGNORE INTO role_permissions (id, role_id, permission_id) VALUES ('13d20375-183e-4604-b62b-e252317c4d88', 'super_admin', '0c2f72b1-835c-4e47-888d-b5d512d65792');
INSERT OR IGNORE INTO role_permissions (id, role_id, permission_id) VALUES ('697d0cba-714a-463f-b9ba-f0c41825bb4b', 'super_admin', '0511f383-77a9-4f93-961c-45850872ba4a');
INSERT OR IGNORE INTO role_permissions (id, role_id, permission_id) VALUES ('80d58ab7-1291-4b3b-9ac0-197e511d04cc', 'super_admin', '229cac8a-08fb-4651-8798-ab385dd0599a');
INSERT OR IGNORE INTO role_permissions (id, role_id, permission_id) VALUES ('d86aac19-47c9-43b9-b288-56aa48dd56d4', 'super_admin', '402ee85c-d260-4e66-8166-4172aaa480a7');
INSERT OR IGNORE INTO role_permissions (id, role_id, permission_id) VALUES ('fd425a2e-c5fe-44ac-8ab4-9f842c29254c', 'super_admin', '44e4a1f1-919f-4f08-a776-ab080e4bf459');
INSERT OR IGNORE INTO role_permissions (id, role_id, permission_id) VALUES ('7d3a0a83-354d-402a-b140-8bccdeb62bc7', 'super_admin', '4891fba4-bc24-4ef5-b8d0-1319d67a326c');
INSERT OR IGNORE INTO role_permissions (id, role_id, permission_id) VALUES ('de783da8-f676-4e53-a69a-176c9ac0a456', 'super_admin', '5d21d59e-7fa5-4552-8bde-1d226d96f4bb');
INSERT OR IGNORE INTO role_permissions (id, role_id, permission_id) VALUES ('9aa357df-67eb-4025-9166-b2bd31e763d8', 'super_admin', '967562da-083c-4f5b-a4ab-172c91eb5e12');
INSERT OR IGNORE INTO role_permissions (id, role_id, permission_id) VALUES ('2aab5fc3-0d62-455d-840a-d71d51f480e3', 'super_admin', 'cb8a3f0f-9d2b-40d4-a909-a6d77720b6c3');
INSERT OR IGNORE INTO role_permissions (id, role_id, permission_id) VALUES ('0fa5ea26-2ebe-45a9-95df-b3940a4d2e8d', 'super_admin', '1f6e1f78-82d0-4fe8-ba30-f9c21dfa8c1b');
INSERT OR IGNORE INTO role_permissions (id, role_id, permission_id) VALUES ('df568939-8212-4056-91d4-25efcd364b10', 'super_admin', 'ca06f8b0-7836-49d4-8a2d-afb8a28e3838');
INSERT OR IGNORE INTO role_permissions (id, role_id, permission_id) VALUES ('f5153b88-0331-42bb-a817-b16c4a48fdb5', 'super_admin', '2d33113d-a10a-4a45-aad0-71392eb84614');
INSERT OR IGNORE INTO role_permissions (id, role_id, permission_id) VALUES ('3117a1a1-81a2-43a0-b888-a78e3db8b4fa', 'super_admin', '3873b7b5-1c17-4933-9974-657cd85f7492');
INSERT OR IGNORE INTO role_permissions (id, role_id, permission_id) VALUES ('5550fbfc-978e-4099-ac1c-bb7a438c14a9', 'super_admin', '9eee1081-ff54-49c4-905d-95b5a9e81e44');
INSERT OR IGNORE INTO role_permissions (id, role_id, permission_id) VALUES ('6b74f93c-82ae-4d7f-abb7-c57b50e313bc', 'super_admin', 'bf2feca1-0f53-478f-a360-37d2b29aa5e9');
INSERT OR IGNORE INTO role_permissions (id, role_id, permission_id) VALUES ('04908432-dd9c-4944-a991-d0e96d04f7ee', 'super_admin', '71855863-95ae-4f0b-8625-ce50cea10bb5');
INSERT OR IGNORE INTO role_permissions (id, role_id, permission_id) VALUES ('dbb52149-d1e2-4521-8ecb-c4d937a15d13', 'super_admin', '08237dad-92ae-47d8-ab65-eb96391daab6');
INSERT OR IGNORE INTO role_permissions (id, role_id, permission_id) VALUES ('2ee41c44-739f-457c-b910-3d85301e02af', 'super_admin', 'ac53daa1-34f6-488d-b364-a8acfe716eaa');
INSERT OR IGNORE INTO role_permissions (id, role_id, permission_id) VALUES ('c7931e2f-63f5-43c7-af96-8eac81ee36fe', 'admin', '941019b8-f763-478d-baec-42cda8bc62ba');
INSERT OR IGNORE INTO role_permissions (id, role_id, permission_id) VALUES ('74037320-f2ef-4818-920d-aaad92ff1fd2', 'admin', '9cac1747-4cd5-4e33-a658-221aea92cfd5');
INSERT OR IGNORE INTO role_permissions (id, role_id, permission_id) VALUES ('aeb0415b-bb52-4dc6-8672-8eb871d58567', 'admin', '625411d0-fe71-4fb1-9b56-0e61c8d74e3e');
INSERT OR IGNORE INTO role_permissions (id, role_id, permission_id) VALUES ('0da0edf3-65a4-40a7-9027-cb5f743cd660', 'admin', '794e5cdd-b8f3-43f9-abcc-bf739acc3351');
INSERT OR IGNORE INTO role_permissions (id, role_id, permission_id) VALUES ('5cf8ebed-cd89-492c-85f8-76d9f5d4c0c9', 'admin', 'f95a1427-4f49-4863-be48-8428cfebb2d7');
INSERT OR IGNORE INTO role_permissions (id, role_id, permission_id) VALUES ('6e74f9dd-bc6c-4f23-b20d-f3f72918c778', 'admin', '3a2e649a-bea2-4008-85e9-f1f769bf9d4d');
INSERT OR IGNORE INTO role_permissions (id, role_id, permission_id) VALUES ('fa84cade-d91c-47da-8a8c-774672322eaa', 'admin', 'a79d49b5-adae-440a-ab7d-c366ec54882a');
INSERT OR IGNORE INTO role_permissions (id, role_id, permission_id) VALUES ('28b30af5-ae28-4a6c-aea2-c9ccb7ffa2aa', 'admin', '2b2d9662-1a20-4c78-955b-ab0113d3754b');
INSERT OR IGNORE INTO role_permissions (id, role_id, permission_id) VALUES ('b260cde5-088c-4a2e-a74f-0b91d1837aaf', 'admin', '689d80f3-2c5e-4f4f-8e3c-7e57d482b508');
INSERT OR IGNORE INTO role_permissions (id, role_id, permission_id) VALUES ('40be94df-ce2b-45c5-8846-3d2f149710c1', 'admin', '7811a809-fbe5-42c0-831d-416edc15cd2b');
INSERT OR IGNORE INTO role_permissions (id, role_id, permission_id) VALUES ('a459972c-1876-4224-9ed2-3c2cb5308807', 'admin', '3b123739-7b1d-4961-b125-7435e102c8d1');
INSERT OR IGNORE INTO role_permissions (id, role_id, permission_id) VALUES ('61457557-f234-49dd-b880-14b2510bf1bb', 'admin', '242dfce3-21fb-4b54-a640-7d8a6afbf482');
INSERT OR IGNORE INTO role_permissions (id, role_id, permission_id) VALUES ('ae98dc90-2bde-4640-8920-61a5c658b623', 'admin', 'f02d8429-13d2-4d6d-9390-9ec9fd3ce0dc');
INSERT OR IGNORE INTO role_permissions (id, role_id, permission_id) VALUES ('51775735-1ec1-420c-94f2-9e73ccf675cf', 'admin', '098e3a7a-f62b-4d4f-85dc-555d5e3233a0');
INSERT OR IGNORE INTO role_permissions (id, role_id, permission_id) VALUES ('8449c79c-a52d-4dbf-90ab-c1b2d48018da', 'admin', '2b95b74a-9a58-42db-95f7-a7a94d46af6b');
INSERT OR IGNORE INTO role_permissions (id, role_id, permission_id) VALUES ('0da533ce-3982-4195-b7bf-99bab31a0df9', 'admin', '59711825-6ada-4527-807d-f27a449d2738');
INSERT OR IGNORE INTO role_permissions (id, role_id, permission_id) VALUES ('75ade38b-ab26-4363-887b-496b4d6c03ba', 'admin', '602d44b6-1abc-4a86-a0f7-6bc9fe4d954a');
INSERT OR IGNORE INTO role_permissions (id, role_id, permission_id) VALUES ('0e59d15b-0803-4e34-807f-ef70f216d4cd', 'admin', '64a5cf73-70ca-4f66-962b-3c2849f1bd52');
INSERT OR IGNORE INTO role_permissions (id, role_id, permission_id) VALUES ('b7686dd1-d5e9-47e0-82c1-ad66783cdfaa', 'admin', 'd681d0af-c174-43fe-a208-1854e1803fd9');
INSERT OR IGNORE INTO role_permissions (id, role_id, permission_id) VALUES ('85b134fe-f5c3-46ea-828b-04d080b4515f', 'admin', 'b59449b9-3ed1-4884-a68b-0e4c45ae4fd1');
INSERT OR IGNORE INTO role_permissions (id, role_id, permission_id) VALUES ('174b812d-72bc-4c8c-9f3c-c115a529a47f', 'admin', '82f09e02-6e04-4683-9e4c-53c9e2ae2efc');
INSERT OR IGNORE INTO role_permissions (id, role_id, permission_id) VALUES ('0a866212-ca71-4501-bae5-75c5f62dff13', 'admin', 'e30234d6-7083-493d-9431-81df4adc84d5');
INSERT OR IGNORE INTO role_permissions (id, role_id, permission_id) VALUES ('2dee25af-8b1b-486b-bafa-3df485eced8f', 'admin', 'f6fbe8ec-f1e8-4ca5-8000-8ffefcb4a698');
INSERT OR IGNORE INTO role_permissions (id, role_id, permission_id) VALUES ('dddb1570-30da-4308-b1fe-ea04c1bb8e63', 'admin', '3ac0b04c-1735-49c8-932a-cda98b21a5d2');
INSERT OR IGNORE INTO role_permissions (id, role_id, permission_id) VALUES ('6d7a1bb4-ebe6-418f-bba0-2d7bae309947', 'admin', 'e3997446-2bf3-4948-80a9-bae9c5be10b4');
INSERT OR IGNORE INTO role_permissions (id, role_id, permission_id) VALUES ('66e2c62a-a605-4219-9d91-ec32be756dce', 'admin', '9bb7fbf2-7bfe-40ba-be1c-aceb799c5fa8');
INSERT OR IGNORE INTO role_permissions (id, role_id, permission_id) VALUES ('026fe8a9-004e-46c8-a524-6da9f24f7dc5', 'admin', '1821b772-3bfb-43c8-a0f9-266d17cb0120');
INSERT OR IGNORE INTO role_permissions (id, role_id, permission_id) VALUES ('22486981-00fd-4ded-b26a-914a8a6c4467', 'admin', '644af667-4d96-46e1-9021-c241c65b0271');
INSERT OR IGNORE INTO role_permissions (id, role_id, permission_id) VALUES ('4734af80-fa2d-4045-b8d1-201e70d246cd', 'admin', 'db369003-252c-4eb0-b25d-a34814cf7ea1');
INSERT OR IGNORE INTO role_permissions (id, role_id, permission_id) VALUES ('246a2de2-5568-4aa3-9c8e-95f428b45b66', 'admin', '555c40b4-69d9-45c1-acd3-7c9df97d4e76');
INSERT OR IGNORE INTO role_permissions (id, role_id, permission_id) VALUES ('448a9b82-dd4a-4066-9c08-85509a99edb2', 'admin', '3ca4a3ec-34d1-4158-9a6b-fee9293466cf');
INSERT OR IGNORE INTO role_permissions (id, role_id, permission_id) VALUES ('8fe94fda-4fd1-451e-bbae-81ecb33e01cc', 'admin', 'ccce3ebb-50f3-4acc-9868-c1a56c63efe1');
INSERT OR IGNORE INTO role_permissions (id, role_id, permission_id) VALUES ('df59a1c8-aad2-4268-957b-a97596960382', 'admin', '876277c7-9d34-434d-bc6f-e2ce3f354454');
INSERT OR IGNORE INTO role_permissions (id, role_id, permission_id) VALUES ('9fded8da-44fe-4921-a6f6-4a6ec10f8921', 'admin', '6902d2ae-62b7-4cb6-9213-c5c405fcc7c0');
INSERT OR IGNORE INTO role_permissions (id, role_id, permission_id) VALUES ('1b7b1907-b120-4d0f-8893-0190dae3ff28', 'admin', '279f5ad2-525f-4b7e-bc6e-5065c78c74f6');
INSERT OR IGNORE INTO role_permissions (id, role_id, permission_id) VALUES ('eedc7d2e-f30b-4f45-a4d0-51f52e8231ec', 'admin', 'a3ec655b-6612-40e5-a28d-89592bfd8203');
INSERT OR IGNORE INTO role_permissions (id, role_id, permission_id) VALUES ('625b6694-3fa9-4164-a238-c77687b53878', 'admin', '7f85ab56-c662-4d28-bd47-66aa66598258');
INSERT OR IGNORE INTO role_permissions (id, role_id, permission_id) VALUES ('e99181cd-d3de-48e2-9f27-00fcd39737bd', 'admin', '8ff5397a-3921-4cf0-9e87-938e25a476c4');
INSERT OR IGNORE INTO role_permissions (id, role_id, permission_id) VALUES ('4eca400f-3d2b-4d43-a9b0-28224bee25d1', 'admin', 'b00b45c6-c3eb-4638-a216-89da9bda3c0e');
INSERT OR IGNORE INTO role_permissions (id, role_id, permission_id) VALUES ('ced88d77-159d-486a-83a2-60daa8189b91', 'admin', 'bee1eb9a-5777-4166-bdea-51abfd6e275d');
INSERT OR IGNORE INTO role_permissions (id, role_id, permission_id) VALUES ('10883bf9-84d5-4ec5-9ada-0ce2ce22419f', 'admin', '9b578c9e-d54d-40a6-a167-9c2077dcfb73');
INSERT OR IGNORE INTO role_permissions (id, role_id, permission_id) VALUES ('ab041eb7-19fc-4641-bf17-a846f4023911', 'admin', 'ce52bf45-ab2b-459f-9f65-fb7726a91666');
INSERT OR IGNORE INTO role_permissions (id, role_id, permission_id) VALUES ('3a80dfd9-9c1d-40fe-80b1-e1bcd8cd3090', 'admin', '2432f740-cf25-4cd2-9c0d-1e99e03f8331');
INSERT OR IGNORE INTO role_permissions (id, role_id, permission_id) VALUES ('dc561877-420c-4411-abda-fd2b456005ae', 'admin', 'a3981aff-4dd1-4051-9152-b20ed10ee3ca');
INSERT OR IGNORE INTO role_permissions (id, role_id, permission_id) VALUES ('3f8a79e6-18de-41ad-bf53-47eb74669db9', 'admin', 'a0dc1c0e-6ba4-450a-9d96-2ff417e31211');
INSERT OR IGNORE INTO role_permissions (id, role_id, permission_id) VALUES ('6434cf53-6892-4361-94ad-4b8cb8956d49', 'admin', '04106e4e-e662-45fe-92e9-e3819faad8a2');
INSERT OR IGNORE INTO role_permissions (id, role_id, permission_id) VALUES ('301e0328-8654-4933-964f-9a24c73bd5fa', 'admin', 'c2caf6b3-6d30-46c1-8bec-0570e911a903');
INSERT OR IGNORE INTO role_permissions (id, role_id, permission_id) VALUES ('859927aa-2be7-47eb-a28d-516ed98f5cbb', 'admin', '36688e83-5a3d-4264-a5ac-b42075c4dad9');
INSERT OR IGNORE INTO role_permissions (id, role_id, permission_id) VALUES ('ac641ea0-59ec-4bc2-810a-50eee7f928f5', 'admin', 'fa48c818-f95e-4fca-b4dc-dc685076a543');
INSERT OR IGNORE INTO role_permissions (id, role_id, permission_id) VALUES ('92e61850-e5f6-4c37-b50c-39e54062e987', 'admin', 'a6d26f28-f111-4073-9eab-6f62b041e2be');
INSERT OR IGNORE INTO role_permissions (id, role_id, permission_id) VALUES ('b54815b8-5c47-4ae3-bd6f-2dcad1ffd2d6', 'admin', '65a25828-dc18-4b95-b13f-6de52d92cd87');
INSERT OR IGNORE INTO role_permissions (id, role_id, permission_id) VALUES ('eb1eea36-adee-48bd-8075-2c62897616d7', 'admin', 'fd839d4e-2f52-496d-b167-26c8892f237c');
INSERT OR IGNORE INTO role_permissions (id, role_id, permission_id) VALUES ('c0a55e31-2321-4872-a35d-1ff50c3167fc', 'admin', '8248098e-7ba5-4f54-911e-5e3327db6d49');
INSERT OR IGNORE INTO role_permissions (id, role_id, permission_id) VALUES ('efda919e-4dfe-4393-a121-8b71ddcc7c33', 'admin', '00c1f54c-3902-4fb3-b00b-aa5cc9dcff5e');
INSERT OR IGNORE INTO role_permissions (id, role_id, permission_id) VALUES ('5bafeb17-b254-4f14-9893-5e21eb681bd8', 'admin', '38aee94c-598c-4cab-979e-f5c4e7876dbf');
INSERT OR IGNORE INTO role_permissions (id, role_id, permission_id) VALUES ('6893bff5-fcf7-4d41-b44c-f143de14d075', 'admin', '01d7e6d8-7749-4e66-b3ca-03cc35a4950d');
INSERT OR IGNORE INTO role_permissions (id, role_id, permission_id) VALUES ('f45a2888-dd51-4f13-a378-62c3e1646a8d', 'admin', '3295630b-1032-4632-8652-5d74a3eff6c5');
INSERT OR IGNORE INTO role_permissions (id, role_id, permission_id) VALUES ('66bb6565-977d-44de-afd6-b5b11db01b27', 'admin', '3849c106-5cbe-47f6-9cd6-73e0f5fa287b');
INSERT OR IGNORE INTO role_permissions (id, role_id, permission_id) VALUES ('18932f0a-f9e1-4629-8598-16d6b97a5b74', 'admin', 'd4ce89af-366b-4104-b3f7-5a1d4d442a2f');
INSERT OR IGNORE INTO role_permissions (id, role_id, permission_id) VALUES ('1e8fceef-6dc6-4503-8259-6677b87faab5', 'admin', '01bd8914-4bd6-4965-af43-2fbc85ca76da');
INSERT OR IGNORE INTO role_permissions (id, role_id, permission_id) VALUES ('75652645-23df-4035-8a98-6f46e4d7a9a3', 'admin', '2d02bcbf-4b58-4100-91fc-edd9846dd4ea');
INSERT OR IGNORE INTO role_permissions (id, role_id, permission_id) VALUES ('69994b3d-7e54-4842-b674-0b12ed7aa273', 'admin', 'f5983194-d42f-4ddb-a87a-f100afa01886');
INSERT OR IGNORE INTO role_permissions (id, role_id, permission_id) VALUES ('8ff1f2bb-9b2e-44fc-9bc5-2c9b843a436f', 'admin', '55836a8e-a50e-4d40-9927-b593f58c2425');
INSERT OR IGNORE INTO role_permissions (id, role_id, permission_id) VALUES ('48228a9e-2090-4fbb-aa1c-5f7b68a6e349', 'admin', 'd90bbd02-81c5-457b-a092-9bcb868e4acc');
INSERT OR IGNORE INTO role_permissions (id, role_id, permission_id) VALUES ('2caf0ea6-1558-45c5-a8d9-602f955a6632', 'admin', 'b3eb45a6-8d22-4be9-ad76-9a9e48553017');
INSERT OR IGNORE INTO role_permissions (id, role_id, permission_id) VALUES ('2073188a-f365-47b4-9b34-5ace7ebaac8d', 'admin', 'c1de5003-26dd-438d-8215-7ec4322c8aeb');
INSERT OR IGNORE INTO role_permissions (id, role_id, permission_id) VALUES ('033c15c9-7de9-42c0-a93b-09c98b55369b', 'admin', '803369c9-d180-4026-951d-8198ff1e8bed');
INSERT OR IGNORE INTO role_permissions (id, role_id, permission_id) VALUES ('e28bd014-4368-4b50-824b-e2da568f7879', 'admin', '5cdeedec-bd49-4c45-9706-9ef11d8d5573');
INSERT OR IGNORE INTO role_permissions (id, role_id, permission_id) VALUES ('16208e1a-f813-40a3-8cd5-526346e59b8a', 'admin', '23bff54c-0ae1-4d10-bdd9-7c3e2252e1ab');
INSERT OR IGNORE INTO role_permissions (id, role_id, permission_id) VALUES ('5f71445f-6b06-4c11-af85-98b8081aa427', 'admin', '375d2819-033a-4068-9c6e-eab1c970445a');
INSERT OR IGNORE INTO role_permissions (id, role_id, permission_id) VALUES ('df4f6e03-146d-441d-b1fe-2f0da159442c', 'admin', 'c4d36816-aaf8-4294-86cb-07eaaf295757');
INSERT OR IGNORE INTO role_permissions (id, role_id, permission_id) VALUES ('e03d0444-c4bc-49c5-ac44-47d03baa5226', 'admin', 'c8786ee3-2b41-457b-8bc7-8d0ebba54688');
INSERT OR IGNORE INTO role_permissions (id, role_id, permission_id) VALUES ('1c259cd3-9261-45c8-9226-47d0df393a73', 'admin', '45cae71e-b70d-447e-ac60-b44d5a825a2d');
INSERT OR IGNORE INTO role_permissions (id, role_id, permission_id) VALUES ('6299ef58-571d-4a6f-a8ce-c42679d51a96', 'admin', '760a2e6f-e3dd-45ee-909f-d9c9074ba226');
INSERT OR IGNORE INTO role_permissions (id, role_id, permission_id) VALUES ('d672fcef-536c-4e7c-9544-a584a3b2e7aa', 'admin', 'bc2fbd7c-32bc-4e73-b292-ba216ec3ce76');
INSERT OR IGNORE INTO role_permissions (id, role_id, permission_id) VALUES ('894f8b56-a87b-446d-8108-13b146e7c915', 'admin', '452f7568-0f99-4469-83f6-e878eeb1c4c8');
INSERT OR IGNORE INTO role_permissions (id, role_id, permission_id) VALUES ('b34e7d81-8a57-4307-9126-b7c5ae0483d0', 'admin', '660a62e5-dd1d-4ba5-a99a-b48cd4206078');
INSERT OR IGNORE INTO role_permissions (id, role_id, permission_id) VALUES ('3b9a71a7-efbe-4dd6-b839-dff256de52c1', 'admin', 'b30692a8-2edf-4171-89c1-3f1d5dfa8815');
INSERT OR IGNORE INTO role_permissions (id, role_id, permission_id) VALUES ('e3d2c670-882b-4aee-8f9f-a35f73e26bde', 'admin', '8c13c16c-cd39-48d1-bf68-0c306614a64a');
INSERT OR IGNORE INTO role_permissions (id, role_id, permission_id) VALUES ('dc84dac9-8e81-4ecc-914b-01706af98c08', 'admin', 'e15805d4-df0a-4873-9cc5-5c730521c508');
INSERT OR IGNORE INTO role_permissions (id, role_id, permission_id) VALUES ('81af43bf-8ed3-4eb1-ae88-293997c3d887', 'admin', '9ddcfa5c-73e6-44c1-972c-28cd3cab5e44');
INSERT OR IGNORE INTO role_permissions (id, role_id, permission_id) VALUES ('1c479179-f8bf-4475-a90b-417f7a794f64', 'admin', '4cdd309e-e106-452d-962f-aa3a50ce638f');
INSERT OR IGNORE INTO role_permissions (id, role_id, permission_id) VALUES ('5b2a669d-b287-4f37-b2bb-038285f749d4', 'admin', '2f4583fe-2034-4a31-ac12-a25eb06800b1');
INSERT OR IGNORE INTO role_permissions (id, role_id, permission_id) VALUES ('b782fbd9-6090-4e14-8365-26aef1480cfd', 'admin', '0d225258-40a9-41f7-a155-916c034984ac');
INSERT OR IGNORE INTO role_permissions (id, role_id, permission_id) VALUES ('138fd994-8457-4299-be13-1aad1b50fc29', 'admin', '406a806d-80db-4c06-8add-869ef3eb6726');
INSERT OR IGNORE INTO role_permissions (id, role_id, permission_id) VALUES ('e80c57c1-0467-436a-b07b-b5d2ea516b38', 'admin', 'd9dfa26e-426d-4bbd-bf8d-745da8985877');
INSERT OR IGNORE INTO role_permissions (id, role_id, permission_id) VALUES ('7ec7e05b-81a3-4332-9ccc-e9f86525aec7', 'admin', 'a8f331f3-48c3-4b25-a6db-c8fe9a62e596');
INSERT OR IGNORE INTO role_permissions (id, role_id, permission_id) VALUES ('590bea28-f088-486e-b518-22f5b109573f', 'admin', '33551968-35bc-45eb-8033-2e292b823e89');
INSERT OR IGNORE INTO role_permissions (id, role_id, permission_id) VALUES ('b4e8325b-e96d-482f-a7e2-6d9a595f9463', 'admin', 'e829441a-5d9b-4f10-b62a-532dd1b89ea4');
INSERT OR IGNORE INTO role_permissions (id, role_id, permission_id) VALUES ('66074753-875b-4e2a-8256-ab09aace6d5a', 'admin', 'bf3db6be-0aaa-4004-a5ff-770c08f5957e');
INSERT OR IGNORE INTO role_permissions (id, role_id, permission_id) VALUES ('f5ab6a76-6cf8-4b6c-9249-14e5b1afac52', 'admin', 'ca445630-fd39-43f6-aba1-a4c6a7756ddb');
INSERT OR IGNORE INTO role_permissions (id, role_id, permission_id) VALUES ('376e0ae0-3344-43b7-a3d6-b594ca9be12c', 'admin', 'b3c8043d-8c84-4b2e-bafb-2e0ed838c43e');
INSERT OR IGNORE INTO role_permissions (id, role_id, permission_id) VALUES ('99c03059-42ad-439f-be25-90444d136ab4', 'admin', 'c21333be-0379-4743-9255-3adac3d06568');
INSERT OR IGNORE INTO role_permissions (id, role_id, permission_id) VALUES ('731ab8bf-c5ce-494c-af70-0b271cb4859a', 'admin', '44ce347b-d1ba-4055-a679-5a4c95bb061d');
INSERT OR IGNORE INTO role_permissions (id, role_id, permission_id) VALUES ('9646673c-0cb4-4484-9f84-981e9d492ce3', 'admin', '5f72f5c2-1869-4e8e-bc4a-959c5d22743d');
INSERT OR IGNORE INTO role_permissions (id, role_id, permission_id) VALUES ('6caf81c9-cd55-4a9f-b8e1-4dedebca31bd', 'admin', 'e437c584-8847-4d98-bcbf-b4fcf7103c73');
INSERT OR IGNORE INTO role_permissions (id, role_id, permission_id) VALUES ('87d70c40-e16c-4b08-bb30-67a3eaa70554', 'admin', '6fccb329-cf66-41b0-85f8-4d2823977e7e');
INSERT OR IGNORE INTO role_permissions (id, role_id, permission_id) VALUES ('8154dfa6-8d56-4b65-ac58-66db9f9cfb27', 'admin', 'cf5ecb4c-f988-402b-b8ad-5a2b9e58266a');
INSERT OR IGNORE INTO role_permissions (id, role_id, permission_id) VALUES ('1967478b-ab02-4395-978d-a8c2ce045c9c', 'admin', 'c2b3c93a-c8b8-4a7e-a478-029553529c66');
INSERT OR IGNORE INTO role_permissions (id, role_id, permission_id) VALUES ('f211672f-40b8-4851-a686-79abf2abda84', 'admin', 'fdffe337-9c26-43bb-8ded-f989aa723c28');
INSERT OR IGNORE INTO role_permissions (id, role_id, permission_id) VALUES ('ba2b7f64-1411-4a8b-a6a9-f1cab9958c45', 'admin', 'd142b95a-bc5d-4f65-92a1-0899044ab4da');
INSERT OR IGNORE INTO role_permissions (id, role_id, permission_id) VALUES ('ec76d374-3bbd-4295-9c05-9cf55543cfe9', 'admin', '5774a14b-17fe-4f51-8e45-efa7eed79721');
INSERT OR IGNORE INTO role_permissions (id, role_id, permission_id) VALUES ('0643bdc4-6129-41d1-9e9e-793387bf7a08', 'admin', '73c4dda2-8fd4-40a8-9bd0-1bc80bc190af');
INSERT OR IGNORE INTO role_permissions (id, role_id, permission_id) VALUES ('e2385b0b-74a3-4ffe-96fd-3208213a45e8', 'admin', '50cbafa2-94fe-4ba7-bae6-2c6900b78a10');
INSERT OR IGNORE INTO role_permissions (id, role_id, permission_id) VALUES ('171be05b-dd46-487e-855e-3285316880e0', 'admin', '2e05acd4-5932-4d8b-b27f-c8bed8649d74');
INSERT OR IGNORE INTO role_permissions (id, role_id, permission_id) VALUES ('f3b287fd-b56e-4684-ac1a-0f1aad7a37b7', 'admin', '6c634cac-20c6-4366-92f9-9e8b0f7a9789');
INSERT OR IGNORE INTO role_permissions (id, role_id, permission_id) VALUES ('26573210-7f3f-4a08-9a9c-e699480c7783', 'admin', '5a63721a-bea0-4fd4-9de0-f90309e492b3');
INSERT OR IGNORE INTO role_permissions (id, role_id, permission_id) VALUES ('5a76a052-40af-484a-826f-788bed7b5772', 'admin', '7b93baa7-1231-4027-b013-bfcfa60b3238');
INSERT OR IGNORE INTO role_permissions (id, role_id, permission_id) VALUES ('efb43ffc-4594-4497-8cfc-3959ee0c6557', 'admin', '2992b4cb-71e1-4d64-b01a-0d73a27f1640');
INSERT OR IGNORE INTO role_permissions (id, role_id, permission_id) VALUES ('1d835eab-05a9-4db3-af65-468e5455b5cb', 'admin', '3c70917b-6005-47c4-b70a-819b3f0cf411');
INSERT OR IGNORE INTO role_permissions (id, role_id, permission_id) VALUES ('6f540d7a-6a3a-49be-8370-04ca9858104e', 'admin', 'df5ab785-5b38-4592-87e3-f23d9cb43a37');
INSERT OR IGNORE INTO role_permissions (id, role_id, permission_id) VALUES ('e4a90c9f-a9c7-41f2-b1b5-8fe5ec260427', 'admin', 'a0e1a56f-8863-4945-b692-152813c1c98c');
INSERT OR IGNORE INTO role_permissions (id, role_id, permission_id) VALUES ('c425613b-424d-4800-b678-39fbc5eba46d', 'admin', '4386c0b1-7413-49c5-acb9-d3bdc0f1ecef');
INSERT OR IGNORE INTO role_permissions (id, role_id, permission_id) VALUES ('30db4445-f241-484b-8335-0eaebf7c6194', 'admin', '9abdee13-4799-4574-8ada-2522c32dac96');
INSERT OR IGNORE INTO role_permissions (id, role_id, permission_id) VALUES ('652e6125-1e86-4a9a-b9cd-1400ab17381e', 'admin', '492cbc8b-f594-4093-9ab0-37db91e56726');
INSERT OR IGNORE INTO role_permissions (id, role_id, permission_id) VALUES ('f8b9f7b0-e54c-48d8-b888-986cfc924769', 'admin', '20400abf-6c30-4831-88a4-19342d9adc66');
INSERT OR IGNORE INTO role_permissions (id, role_id, permission_id) VALUES ('75056b97-a21b-415c-9620-48dd025d65b4', 'admin', '281bcf23-dc5d-49f9-a724-b700b0e54e83');
INSERT OR IGNORE INTO role_permissions (id, role_id, permission_id) VALUES ('a0a61056-66c3-409b-abc6-f69ab9687933', 'admin', '9ee3905d-acca-4d82-875b-3518a3453553');
INSERT OR IGNORE INTO role_permissions (id, role_id, permission_id) VALUES ('aad1ea6d-7b5a-45fa-afac-dc9196fb4a9d', 'admin', 'ef872a02-718e-4bea-b949-5360b406afd7');
INSERT OR IGNORE INTO role_permissions (id, role_id, permission_id) VALUES ('c82ab9b9-f5ae-43ca-a307-53d35c1804f6', 'admin', '0cee04f9-ac5d-48b6-8171-bdc7d09fe02e');
INSERT OR IGNORE INTO role_permissions (id, role_id, permission_id) VALUES ('aae4b2c0-56f9-42b7-895a-4b28ae293693', 'admin', '22d0c3a1-ebf5-4a53-a0ef-f8f09ad11328');
INSERT OR IGNORE INTO role_permissions (id, role_id, permission_id) VALUES ('5f060fef-459d-4e4e-9356-3476c0c7687e', 'admin', 'a1159e37-fd00-4655-9e93-6c305b519220');
INSERT OR IGNORE INTO role_permissions (id, role_id, permission_id) VALUES ('ccfe5b91-c6f4-49b8-9c89-582384812900', 'admin', 'cf6c28a1-93d5-40d9-8396-6373cecbf1e1');
INSERT OR IGNORE INTO role_permissions (id, role_id, permission_id) VALUES ('566d27bf-cce1-414c-8a39-48ddd110a80b', 'admin', 'd9f2dbd8-632a-416a-a799-299500909e9f');
INSERT OR IGNORE INTO role_permissions (id, role_id, permission_id) VALUES ('8731c06c-356e-4d74-b949-d649fdb51b2e', 'admin', '854fad26-b4ac-43a1-8335-33450b52bc77');
INSERT OR IGNORE INTO role_permissions (id, role_id, permission_id) VALUES ('3dfe983b-411b-4a7a-af89-9e7de6da0374', 'admin', '6a827e7f-c3ea-4a69-ab8f-78d0180f2ef6');
INSERT OR IGNORE INTO role_permissions (id, role_id, permission_id) VALUES ('a00688d8-da8e-4b76-85aa-f0bd85940e18', 'admin', '3f54dec9-8bed-42b4-be84-2fde2d4e22d6');
INSERT OR IGNORE INTO role_permissions (id, role_id, permission_id) VALUES ('ed071614-8589-4e69-aa03-2e8155ae3230', 'admin', '8a8bb11c-73a3-4c8e-804e-f70f1863eeda');
INSERT OR IGNORE INTO role_permissions (id, role_id, permission_id) VALUES ('06055189-cb71-4ceb-b7c0-19d6df0983c5', 'admin', '1670329c-a758-49ec-9d06-eaf449c3192d');
INSERT OR IGNORE INTO role_permissions (id, role_id, permission_id) VALUES ('7075fbe3-d922-49c5-9c60-a005aa02615a', 'admin', '4fe7bcfe-fe57-4324-819b-3b7b79e7dd46');
INSERT OR IGNORE INTO role_permissions (id, role_id, permission_id) VALUES ('0f4856b0-ac2d-42d1-8d8c-d41567c2a72d', 'admin', 'cb8a3f0f-9d2b-40d4-a909-a6d77720b6c3');
INSERT OR IGNORE INTO role_permissions (id, role_id, permission_id) VALUES ('6d65d8c6-6d72-4b53-9391-6b1e4b936204', 'admin', '1f6e1f78-82d0-4fe8-ba30-f9c21dfa8c1b');
INSERT OR IGNORE INTO role_permissions (id, role_id, permission_id) VALUES ('713aea6a-e6e0-4b26-8b5c-05eb2c399949', 'admin', 'ca06f8b0-7836-49d4-8a2d-afb8a28e3838');
INSERT OR IGNORE INTO role_permissions (id, role_id, permission_id) VALUES ('0493c568-b57a-4483-b916-9d39b2d1b7d1', 'admin', '2d33113d-a10a-4a45-aad0-71392eb84614');
INSERT OR IGNORE INTO role_permissions (id, role_id, permission_id) VALUES ('8c91b858-ba53-4393-9526-63a18b28b7e9', 'admin', '3873b7b5-1c17-4933-9974-657cd85f7492');
INSERT OR IGNORE INTO role_permissions (id, role_id, permission_id) VALUES ('d2ce48b1-576c-42a8-addd-791eebb0b646', 'admin', '9eee1081-ff54-49c4-905d-95b5a9e81e44');
INSERT OR IGNORE INTO role_permissions (id, role_id, permission_id) VALUES ('bfca8c30-e076-41f2-84c1-8f9c590e6ca3', 'admin', 'bf2feca1-0f53-478f-a360-37d2b29aa5e9');
INSERT OR IGNORE INTO role_permissions (id, role_id, permission_id) VALUES ('712e246c-2e68-4947-9358-2bd033c88778', 'admin', '71855863-95ae-4f0b-8625-ce50cea10bb5');
INSERT OR IGNORE INTO role_permissions (id, role_id, permission_id) VALUES ('3eda1e3c-ca5d-4af8-8e7e-05e79b8ca908', 'admin', '08237dad-92ae-47d8-ab65-eb96391daab6');
INSERT OR IGNORE INTO role_permissions (id, role_id, permission_id) VALUES ('5822013c-7617-4b0c-b238-833285ff29f6', 'admin', 'ac53daa1-34f6-488d-b364-a8acfe716eaa');
INSERT OR IGNORE INTO role_permissions (id, role_id, permission_id) VALUES ('a01850b8-d1da-418d-b5c5-483fbb05a383', 'mustahiq', '65a25828-dc18-4b95-b13f-6de52d92cd87');
INSERT OR IGNORE INTO role_permissions (id, role_id, permission_id) VALUES ('a217bbc3-f6b8-45e6-9555-b7a47a318b8b', 'mustahiq', '2d02bcbf-4b58-4100-91fc-edd9846dd4ea');
INSERT OR IGNORE INTO role_permissions (id, role_id, permission_id) VALUES ('b5bd5319-624c-4486-8120-21baae0667ab', 'mustahiq', '9ddcfa5c-73e6-44c1-972c-28cd3cab5e44');
INSERT OR IGNORE INTO role_permissions (id, role_id, permission_id) VALUES ('85387b05-76a2-42e2-890a-5189f8b6669a', 'mustahiq', '2f4583fe-2034-4a31-ac12-a25eb06800b1');
INSERT OR IGNORE INTO role_permissions (id, role_id, permission_id) VALUES ('ef9a2969-22b8-40c2-95e0-b168e6c6c205', 'mustahiq', '33551968-35bc-45eb-8033-2e292b823e89');
INSERT OR IGNORE INTO role_permissions (id, role_id, permission_id) VALUES ('0c544b73-178e-4c90-86a2-46c2057d879d', 'mustahiq', 'ca445630-fd39-43f6-aba1-a4c6a7756ddb');
INSERT OR IGNORE INTO role_permissions (id, role_id, permission_id) VALUES ('a34bc050-ef60-40d0-8d2b-535d263d6fcb', 'mustahiq', 'b3c8043d-8c84-4b2e-bafb-2e0ed838c43e');
INSERT OR IGNORE INTO role_permissions (id, role_id, permission_id) VALUES ('30c01829-118e-460a-8104-7ff3451d299b', 'mustahiq', 'c21333be-0379-4743-9255-3adac3d06568');
INSERT OR IGNORE INTO role_permissions (id, role_id, permission_id) VALUES ('060ba1be-9a62-4488-9fad-7765c20088dd', 'mustahiq', '44ce347b-d1ba-4055-a679-5a4c95bb061d');
INSERT OR IGNORE INTO role_permissions (id, role_id, permission_id) VALUES ('c667c93d-3ba8-4b54-8b9e-f498edc72c96', 'mustahiq', 'd142b95a-bc5d-4f65-92a1-0899044ab4da');
INSERT OR IGNORE INTO role_permissions (id, role_id, permission_id) VALUES ('e01f6067-a662-416d-b23d-a1db224450fe', 'mustahiq', '5774a14b-17fe-4f51-8e45-efa7eed79721');
INSERT OR IGNORE INTO role_permissions (id, role_id, permission_id) VALUES ('51ab61cd-faeb-4cc6-ab42-74e8399ba23c', 'mustahiq', '73c4dda2-8fd4-40a8-9bd0-1bc80bc190af');
INSERT OR IGNORE INTO role_permissions (id, role_id, permission_id) VALUES ('5de0531c-d447-4125-a71f-3663e59d8c52', 'mustahiq', '50cbafa2-94fe-4ba7-bae6-2c6900b78a10');
INSERT OR IGNORE INTO role_permissions (id, role_id, permission_id) VALUES ('388636c6-23bc-4b70-b495-832460c777ff', 'mustahiq', 'df5ab785-5b38-4592-87e3-f23d9cb43a37');
INSERT OR IGNORE INTO role_permissions (id, role_id, permission_id) VALUES ('fd538cef-57de-4932-ab3f-13850cea2bce', 'mudir', '941019b8-f763-478d-baec-42cda8bc62ba');
INSERT OR IGNORE INTO role_permissions (id, role_id, permission_id) VALUES ('50fc52dc-3326-4f22-985d-5b3f9f28cfc8', 'mudir', '3b123739-7b1d-4961-b125-7435e102c8d1');
INSERT OR IGNORE INTO role_permissions (id, role_id, permission_id) VALUES ('d26ce71c-05f1-4cae-a0c4-e5098622126b', 'mudir', '82f09e02-6e04-4683-9e4c-53c9e2ae2efc');
INSERT OR IGNORE INTO role_permissions (id, role_id, permission_id) VALUES ('6f3e84b0-849c-464b-938d-4998ead47a12', 'mudir', '3ca4a3ec-34d1-4158-9a6b-fee9293466cf');
INSERT OR IGNORE INTO role_permissions (id, role_id, permission_id) VALUES ('c4aaf1c3-5b65-47b6-9c84-28aa9a415095', 'mudir', '9b578c9e-d54d-40a6-a167-9c2077dcfb73');
INSERT OR IGNORE INTO role_permissions (id, role_id, permission_id) VALUES ('7373dd1f-dc6a-49cc-85ce-2e740a75a790', 'mudir', '65a25828-dc18-4b95-b13f-6de52d92cd87');
INSERT OR IGNORE INTO role_permissions (id, role_id, permission_id) VALUES ('e837c8e8-52b9-4c78-8cf7-3674f74fba58', 'mudir', '2d02bcbf-4b58-4100-91fc-edd9846dd4ea');
INSERT OR IGNORE INTO role_permissions (id, role_id, permission_id) VALUES ('b4c9dffa-2283-4cad-b6d0-4743fc152c2c', 'mudir', 'c4d36816-aaf8-4294-86cb-07eaaf295757');
INSERT OR IGNORE INTO role_permissions (id, role_id, permission_id) VALUES ('01861687-6526-4ce5-b7d7-e3abf680158a', 'mudir', '9ddcfa5c-73e6-44c1-972c-28cd3cab5e44');
INSERT OR IGNORE INTO role_permissions (id, role_id, permission_id) VALUES ('7ffea3cf-e19e-4026-9b0f-ad1d9a76e124', 'mudir', 'ca445630-fd39-43f6-aba1-a4c6a7756ddb');
INSERT OR IGNORE INTO role_permissions (id, role_id, permission_id) VALUES ('b8079afd-10f5-421b-8688-7009941280ca', 'mudir', 'd142b95a-bc5d-4f65-92a1-0899044ab4da');
INSERT OR IGNORE INTO role_permissions (id, role_id, permission_id) VALUES ('070d1da6-a556-4ed5-b2e9-4c888ab2cb8c', 'mudir', 'df5ab785-5b38-4592-87e3-f23d9cb43a37');
INSERT OR IGNORE INTO role_permissions (id, role_id, permission_id) VALUES ('71939b38-0e24-4aa4-b0af-9980d6ee15f7', 'mudir', '22d0c3a1-ebf5-4a53-a0ef-f8f09ad11328');
INSERT OR IGNORE INTO role_permissions (id, role_id, permission_id) VALUES ('00a5424c-bc9e-4880-aea1-239e4ae6e69f', 'mudir', 'a1159e37-fd00-4655-9e93-6c305b519220');
INSERT OR IGNORE INTO role_permissions (id, role_id, permission_id) VALUES ('10f30270-3d50-4a32-bc53-0f444660d81b', 'mudir', 'cf6c28a1-93d5-40d9-8396-6373cecbf1e1');
INSERT OR IGNORE INTO role_permissions (id, role_id, permission_id) VALUES ('74f54ca6-ada2-412a-ab7a-0885de99a5e2', 'mudir', 'd9f2dbd8-632a-416a-a799-299500909e9f');
INSERT OR IGNORE INTO role_permissions (id, role_id, permission_id) VALUES ('a8cf5550-62b4-48d6-9c07-f416bd76021f', 'mudir', '854fad26-b4ac-43a1-8335-33450b52bc77');
INSERT OR IGNORE INTO role_permissions (id, role_id, permission_id) VALUES ('f288cea1-a531-448d-8d68-7ad599d8a45e', 'mudir', '6a827e7f-c3ea-4a69-ab8f-78d0180f2ef6');
INSERT OR IGNORE INTO role_permissions (id, role_id, permission_id) VALUES ('fa1e063c-71ba-47c8-9fd5-5bb8b35f2add', 'mudir', '3f54dec9-8bed-42b4-be84-2fde2d4e22d6');
INSERT OR IGNORE INTO role_permissions (id, role_id, permission_id) VALUES ('58804ac9-e049-40b2-8cff-edeac122fc27', 'mudir', '8a8bb11c-73a3-4c8e-804e-f70f1863eeda');
INSERT OR IGNORE INTO role_permissions (id, role_id, permission_id) VALUES ('745115d2-b86a-40e6-9e97-4ac89152e697', 'mudir', '1670329c-a758-49ec-9d06-eaf449c3192d');
INSERT OR IGNORE INTO role_permissions (id, role_id, permission_id) VALUES ('c54c82ea-68bd-4eb4-abe7-f70f1245f761', 'mudir', '4fe7bcfe-fe57-4324-819b-3b7b79e7dd46');
INSERT OR IGNORE INTO role_permissions (id, role_id, permission_id) VALUES ('26e7478e-6a6e-4dba-94ce-66616f4534f9', 'mudir', '8d3bb3da-9bfb-4c88-9707-6ba380dccf10');
INSERT OR IGNORE INTO role_permissions (id, role_id, permission_id) VALUES ('c58d62bc-ffd9-4715-a0ce-6b9560f13d91', 'mudir', 'cb8a3f0f-9d2b-40d4-a909-a6d77720b6c3');
